benchmark,suite,compiler,iteration,wall_s,time_wall_s,user_s,sys_s,rss_kb,object_bytes
crc32_slice,embench_style,YSX,0,0.015391421,0.010000,0.000000,0.000000,57856,1360
crc32_slice,embench_style,YSX,1,0.016269142,0.010000,0.010000,0.000000,57600,1360
crc32_slice,embench_style,YSX,2,0.014600491,0.010000,0.000000,0.000000,58240,1360
crc32_slice,embench_style,YSX,3,0.015410033,0.010000,0.010000,0.000000,57472,1360
crc32_slice,embench_style,YSX,4,0.015976686,0.010000,0.010000,0.000000,58752,1360
crc32_slice,embench_style,YSX,5,0.016644508,0.010000,0.010000,0.000000,57600,1360
crc32_slice,embench_style,YSX,6,0.015982964,0.010000,0.010000,0.000000,58240,1360
crc32_slice,embench_style,YSX,7,0.019849390,0.010000,0.010000,0.000000,58368,1360
crc32_slice,embench_style,YSX,8,0.018619203,0.010000,0.000000,0.000000,58624,1360
crc32_slice,embench_style,YSX,9,0.015823164,0.010000,0.000000,0.000000,57600,1360
crc32_slice,embench_style,YSX,10,0.015992099,0.010000,0.010000,0.000000,58240,1360
crc32_slice,embench_style,YSX,11,0.015020609,0.010000,0.010000,0.000000,57344,1360
crc32_slice,embench_style,YSX,12,0.014733488,0.010000,0.010000,0.000000,57600,1360
crc32_slice,embench_style,YSX,13,0.014701945,0.010000,0.010000,0.000000,58240,1360
crc32_slice,embench_style,YSX,14,0.014524100,0.010000,0.010000,0.000000,57472,1360
crc32_slice,embench_style,YSX,15,0.014089516,0.010000,0.000000,0.010000,57856,1360
crc32_slice,embench_style,YSX,16,0.015053861,0.010000,0.000000,0.000000,57600,1360
crc32_slice,embench_style,YSX,17,0.016849533,0.010000,0.010000,0.000000,57344,1360
crc32_slice,embench_style,YSX,18,0.015004118,0.010000,0.000000,0.000000,58752,1360
crc32_slice,embench_style,YSX,19,0.014860667,0.010000,0.000000,0.000000,58240,1360
crc32_slice,embench_style,YSX,20,0.014924342,0.010000,0.000000,0.000000,58240,1360
crc32_slice,embench_style,YSX,21,0.014033413,0.010000,0.000000,0.000000,57600,1360
crc32_slice,embench_style,YSX,22,0.014742022,0.010000,0.000000,0.010000,57856,1360
crc32_slice,embench_style,YSX,23,0.015219433,0.010000,0.000000,0.000000,58240,1360
crc32_slice,embench_style,YSX,24,0.015057141,0.010000,0.010000,0.000000,57600,1360
crc32_slice,embench_style,YSX,25,0.017028763,0.010000,0.010000,0.000000,57728,1360
crc32_slice,embench_style,YSX,26,0.015686653,0.010000,0.010000,0.000000,57972,1360
crc32_slice,embench_style,YSX,27,0.015974425,0.010000,0.000000,0.010000,57856,1360
crc32_slice,embench_style,YSX,28,0.014307150,0.010000,0.000000,0.010000,58240,1360
crc32_slice,embench_style,YSX,29,0.015149853,0.010000,0.010000,0.000000,57468,1360
crc32_slice,embench_style,RISCV,0,0.016524047,0.010000,0.010000,0.000000,61312,1400
crc32_slice,embench_style,RISCV,1,0.015466183,0.010000,0.010000,0.000000,61312,1400
crc32_slice,embench_style,RISCV,2,0.017223037,0.010000,0.000000,0.010000,61312,1400
crc32_slice,embench_style,RISCV,3,0.017735430,0.010000,0.010000,0.000000,61568,1400
crc32_slice,embench_style,RISCV,4,0.016894359,0.010000,0.010000,0.000000,61184,1400
crc32_slice,embench_style,RISCV,5,0.016148478,0.010000,0.010000,0.000000,61696,1400
crc32_slice,embench_style,RISCV,6,0.017123384,0.010000,0.000000,0.010000,61184,1400
crc32_slice,embench_style,RISCV,7,0.015786570,0.010000,0.010000,0.000000,61696,1400
crc32_slice,embench_style,RISCV,8,0.017453797,0.010000,0.000000,0.000000,61696,1400
crc32_slice,embench_style,RISCV,9,0.017011551,0.010000,0.000000,0.000000,61184,1400
crc32_slice,embench_style,RISCV,10,0.016771102,0.010000,0.010000,0.000000,61568,1400
crc32_slice,embench_style,RISCV,11,0.017555980,0.010000,0.000000,0.000000,61184,1400
crc32_slice,embench_style,RISCV,12,0.017187499,0.010000,0.000000,0.000000,61824,1400
crc32_slice,embench_style,RISCV,13,0.018343211,0.010000,0.000000,0.000000,61440,1400
crc32_slice,embench_style,RISCV,14,0.017014982,0.010000,0.010000,0.000000,61824,1400
crc32_slice,embench_style,RISCV,15,0.016916854,0.010000,0.010000,0.000000,61568,1400
crc32_slice,embench_style,RISCV,16,0.017124485,0.010000,0.000000,0.000000,61696,1400
crc32_slice,embench_style,RISCV,17,0.017046564,0.010000,0.000000,0.000000,61312,1400
crc32_slice,embench_style,RISCV,18,0.018007646,0.010000,0.010000,0.000000,61824,1400
crc32_slice,embench_style,RISCV,19,0.017290713,0.010000,0.000000,0.000000,61312,1400
crc32_slice,embench_style,RISCV,20,0.017484349,0.010000,0.010000,0.000000,61568,1400
crc32_slice,embench_style,RISCV,21,0.021045239,0.010000,0.010000,0.000000,61184,1400
crc32_slice,embench_style,RISCV,22,0.021113829,0.010000,0.000000,0.000000,61696,1400
crc32_slice,embench_style,RISCV,23,0.019017550,0.010000,0.010000,0.000000,61312,1400
crc32_slice,embench_style,RISCV,24,0.017867418,0.010000,0.000000,0.000000,61696,1400
crc32_slice,embench_style,RISCV,25,0.018961456,0.010000,0.010000,0.000000,61568,1400
crc32_slice,embench_style,RISCV,26,0.016873532,0.010000,0.000000,0.000000,61440,1400
crc32_slice,embench_style,RISCV,27,0.017718308,0.010000,0.010000,0.000000,61312,1400
crc32_slice,embench_style,RISCV,28,0.017794521,0.010000,0.000000,0.000000,61056,1400
crc32_slice,embench_style,RISCV,29,0.016164716,0.010000,0.010000,0.000000,61440,1400
matmul_i32,embench_style,YSX,0,0.014436799,0.010000,0.000000,0.010000,57080,1352
matmul_i32,embench_style,YSX,1,0.014318912,0.010000,0.010000,0.000000,56948,1352
matmul_i32,embench_style,YSX,2,0.015113076,0.010000,0.000000,0.010000,57596,1352
matmul_i32,embench_style,YSX,3,0.013225515,0.010000,0.000000,0.000000,56828,1352
matmul_i32,embench_style,YSX,4,0.013694293,0.010000,0.010000,0.000000,56948,1352
matmul_i32,embench_style,YSX,5,0.014335203,0.010000,0.010000,0.000000,57592,1352
matmul_i32,embench_style,YSX,6,0.013932276,0.010000,0.010000,0.000000,57720,1352
matmul_i32,embench_style,YSX,7,0.014840994,0.010000,0.000000,0.000000,56820,1352
matmul_i32,embench_style,YSX,8,0.016675311,0.010000,0.010000,0.000000,57588,1352
matmul_i32,embench_style,YSX,9,0.015549706,0.010000,0.000000,0.000000,57720,1352
matmul_i32,embench_style,YSX,10,0.014335803,0.010000,0.010000,0.000000,57464,1352
matmul_i32,embench_style,YSX,11,0.015118977,0.010000,0.010000,0.000000,57204,1352
matmul_i32,embench_style,YSX,12,0.013204199,0.010000,0.000000,0.010000,57588,1352
matmul_i32,embench_style,YSX,13,0.013445329,0.010000,0.010000,0.000000,57076,1352
matmul_i32,embench_style,YSX,14,0.013729918,0.010000,0.010000,0.000000,56948,1352
matmul_i32,embench_style,YSX,15,0.014352125,0.010000,0.010000,0.000000,57336,1352
matmul_i32,embench_style,YSX,16,0.014215656,0.010000,0.010000,0.000000,57084,1352
matmul_i32,embench_style,YSX,17,0.013806695,0.010000,0.000000,0.010000,57080,1352
matmul_i32,embench_style,YSX,18,0.014473332,0.010000,0.000000,0.000000,56828,1352
matmul_i32,embench_style,YSX,19,0.013072194,0.010000,0.010000,0.000000,57212,1352
matmul_i32,embench_style,YSX,20,0.013299065,0.010000,0.000000,0.010000,57080,1352
matmul_i32,embench_style,YSX,21,0.013382179,0.010000,0.010000,0.000000,56948,1352
matmul_i32,embench_style,YSX,22,0.017901853,0.010000,0.010000,0.000000,56948,1352
matmul_i32,embench_style,YSX,23,0.020861670,0.010000,0.000000,0.010000,56952,1352
matmul_i32,embench_style,YSX,24,0.019027461,0.010000,0.000000,0.010000,57844,1352
matmul_i32,embench_style,YSX,25,0.018497604,0.010000,0.000000,0.000000,56820,1352
matmul_i32,embench_style,YSX,26,0.021157697,0.010000,0.010000,0.000000,57208,1352
matmul_i32,embench_style,YSX,27,0.021445323,0.020000,0.000000,0.000000,57836,1352
matmul_i32,embench_style,YSX,28,0.019930139,0.010000,0.000000,0.010000,57844,1352
matmul_i32,embench_style,YSX,29,0.021485369,0.020000,0.000000,0.000000,56956,1352
matmul_i32,embench_style,RISCV,0,0.024284241,0.020000,0.020000,0.000000,60400,1392
matmul_i32,embench_style,RISCV,1,0.023416348,0.020000,0.010000,0.010000,60404,1392
matmul_i32,embench_style,RISCV,2,0.022256267,0.020000,0.020000,0.000000,60528,1392
matmul_i32,embench_style,RISCV,3,0.021512113,0.020000,0.020000,0.000000,60396,1392
matmul_i32,embench_style,RISCV,4,0.021324168,0.020000,0.000000,0.000000,60404,1392
matmul_i32,embench_style,RISCV,5,0.019428494,0.010000,0.000000,0.000000,60532,1392
matmul_i32,embench_style,RISCV,6,0.015750423,0.010000,0.000000,0.000000,60784,1392
matmul_i32,embench_style,RISCV,7,0.015246763,0.010000,0.010000,0.000000,61040,1392
matmul_i32,embench_style,RISCV,8,0.019102737,0.010000,0.010000,0.000000,60524,1392
matmul_i32,embench_style,RISCV,9,0.016196179,0.010000,0.000000,0.000000,60532,1392
matmul_i32,embench_style,RISCV,10,0.017302719,0.010000,0.000000,0.000000,60656,1392
matmul_i32,embench_style,RISCV,11,0.017168653,0.010000,0.010000,0.000000,60532,1392
matmul_i32,embench_style,RISCV,12,0.017448011,0.010000,0.010000,0.000000,60908,1392
matmul_i32,embench_style,RISCV,13,0.019665416,0.010000,0.000000,0.000000,60532,1392
matmul_i32,embench_style,RISCV,14,0.020560036,0.010000,0.010000,0.000000,60488,1392
matmul_i32,embench_style,RISCV,15,0.019916663,0.010000,0.010000,0.000000,60540,1392
matmul_i32,embench_style,RISCV,16,0.022011352,0.020000,0.000000,0.020000,60404,1392
matmul_i32,embench_style,RISCV,17,0.021530428,0.020000,0.000000,0.020000,60396,1392
matmul_i32,embench_style,RISCV,18,0.021434526,0.020000,0.010000,0.010000,60400,1392
matmul_i32,embench_style,RISCV,19,0.020286980,0.010000,0.000000,0.010000,60532,1392
matmul_i32,embench_style,RISCV,20,0.019772081,0.010000,0.000000,0.000000,60532,1392
matmul_i32,embench_style,RISCV,21,0.019319756,0.010000,0.010000,0.000000,60784,1392
matmul_i32,embench_style,RISCV,22,0.019704861,0.010000,0.010000,0.000000,60528,1392
matmul_i32,embench_style,RISCV,23,0.020502487,0.010000,0.000000,0.000000,60400,1392
matmul_i32,embench_style,RISCV,24,0.019578783,0.010000,0.010000,0.000000,60912,1392
matmul_i32,embench_style,RISCV,25,0.021286292,0.010000,0.000000,0.000000,60788,1392
matmul_i32,embench_style,RISCV,26,0.019569488,0.010000,0.000000,0.000000,60480,1392
matmul_i32,embench_style,RISCV,27,0.019664027,0.010000,0.010000,0.000000,60916,1392
matmul_i32,embench_style,RISCV,28,0.019840276,0.010000,0.000000,0.010000,60784,1392
matmul_i32,embench_style,RISCV,29,0.020166217,0.010000,0.010000,0.000000,59904,1392
bitmix_sha_style,embench_style,YSX,0,0.018922913,0.010000,0.000000,0.000000,57984,1328
bitmix_sha_style,embench_style,YSX,1,0.018640991,0.010000,0.000000,0.010000,57984,1328
bitmix_sha_style,embench_style,YSX,2,0.019724644,0.010000,0.010000,0.000000,57984,1328
bitmix_sha_style,embench_style,YSX,3,0.018835495,0.010000,0.000000,0.000000,59008,1328
bitmix_sha_style,embench_style,YSX,4,0.018701879,0.010000,0.010000,0.000000,57856,1328
bitmix_sha_style,embench_style,YSX,5,0.022586752,0.020000,0.000000,0.010000,58112,1328
bitmix_sha_style,embench_style,YSX,6,0.018759160,0.010000,0.000000,0.010000,57984,1328
bitmix_sha_style,embench_style,YSX,7,0.018645889,0.010000,0.010000,0.000000,57856,1328
bitmix_sha_style,embench_style,YSX,8,0.018831655,0.010000,0.010000,0.000000,57984,1328
bitmix_sha_style,embench_style,YSX,9,0.019902817,0.010000,0.010000,0.000000,58112,1328
bitmix_sha_style,embench_style,YSX,10,0.019177165,0.010000,0.010000,0.000000,58368,1328
bitmix_sha_style,embench_style,YSX,11,0.017271889,0.010000,0.000000,0.000000,57856,1328
bitmix_sha_style,embench_style,YSX,12,0.018413190,0.010000,0.000000,0.010000,57856,1328
bitmix_sha_style,embench_style,YSX,13,0.020912227,0.010000,0.000000,0.000000,58496,1328
bitmix_sha_style,embench_style,YSX,14,0.021234394,0.010000,0.010000,0.000000,58624,1328
bitmix_sha_style,embench_style,YSX,15,0.024973172,0.020000,0.000000,0.010000,57984,1328
bitmix_sha_style,embench_style,YSX,16,0.019126621,0.010000,0.010000,0.000000,57472,1328
bitmix_sha_style,embench_style,YSX,17,0.018617897,0.010000,0.010000,0.000000,58496,1328
bitmix_sha_style,embench_style,YSX,18,0.017703965,0.010000,0.000000,0.000000,57856,1328
bitmix_sha_style,embench_style,YSX,19,0.020049204,0.010000,0.000000,0.000000,57728,1328
bitmix_sha_style,embench_style,YSX,20,0.018368759,0.010000,0.000000,0.000000,58880,1328
bitmix_sha_style,embench_style,YSX,21,0.019486202,0.010000,0.000000,0.000000,57600,1328
bitmix_sha_style,embench_style,YSX,22,0.018984127,0.010000,0.010000,0.000000,58112,1328
bitmix_sha_style,embench_style,YSX,23,0.018259011,0.010000,0.010000,0.000000,58496,1328
bitmix_sha_style,embench_style,YSX,24,0.018517311,0.010000,0.000000,0.000000,58496,1328
bitmix_sha_style,embench_style,YSX,25,0.018859230,0.010000,0.000000,0.000000,57728,1328
bitmix_sha_style,embench_style,YSX,26,0.019451465,0.010000,0.010000,0.000000,57984,1328
bitmix_sha_style,embench_style,YSX,27,0.017367068,0.010000,0.000000,0.000000,58112,1328
bitmix_sha_style,embench_style,YSX,28,0.015283231,0.010000,0.010000,0.000000,58496,1328
bitmix_sha_style,embench_style,YSX,29,0.015363092,0.010000,0.010000,0.000000,58496,1328
bitmix_sha_style,embench_style,RISCV,0,0.018025649,0.010000,0.000000,0.000000,62080,1360
bitmix_sha_style,embench_style,RISCV,1,0.018232333,0.010000,0.000000,0.000000,61568,1360
bitmix_sha_style,embench_style,RISCV,2,0.017375091,0.010000,0.010000,0.000000,61440,1360
bitmix_sha_style,embench_style,RISCV,3,0.017540654,0.010000,0.000000,0.010000,61824,1360
bitmix_sha_style,embench_style,RISCV,4,0.017881625,0.010000,0.010000,0.000000,61696,1360
bitmix_sha_style,embench_style,RISCV,5,0.016435509,0.010000,0.000000,0.000000,61568,1360
bitmix_sha_style,embench_style,RISCV,6,0.014809364,0.010000,0.010000,0.000000,61568,1360
bitmix_sha_style,embench_style,RISCV,7,0.015454937,0.010000,0.000000,0.000000,61568,1360
bitmix_sha_style,embench_style,RISCV,8,0.015391230,0.010000,0.010000,0.000000,61952,1360
bitmix_sha_style,embench_style,RISCV,9,0.016598464,0.010000,0.000000,0.010000,61440,1360
bitmix_sha_style,embench_style,RISCV,10,0.015615211,0.010000,0.000000,0.010000,61056,1360
bitmix_sha_style,embench_style,RISCV,11,0.015456791,0.010000,0.010000,0.000000,61312,1360
bitmix_sha_style,embench_style,RISCV,12,0.015524401,0.010000,0.010000,0.000000,61568,1360
bitmix_sha_style,embench_style,RISCV,13,0.016105582,0.010000,0.000000,0.000000,61056,1360
bitmix_sha_style,embench_style,RISCV,14,0.015887347,0.010000,0.000000,0.000000,61824,1360
bitmix_sha_style,embench_style,RISCV,15,0.015257547,0.010000,0.000000,0.010000,61312,1360
bitmix_sha_style,embench_style,RISCV,16,0.016499419,0.010000,0.010000,0.000000,61696,1360
bitmix_sha_style,embench_style,RISCV,17,0.015906576,0.010000,0.000000,0.000000,61952,1360
bitmix_sha_style,embench_style,RISCV,18,0.016064353,0.010000,0.000000,0.010000,61440,1360
bitmix_sha_style,embench_style,RISCV,19,0.015493262,0.010000,0.000000,0.000000,61568,1360
bitmix_sha_style,embench_style,RISCV,20,0.015967050,0.010000,0.010000,0.000000,61440,1360
bitmix_sha_style,embench_style,RISCV,21,0.015185110,0.010000,0.010000,0.000000,61568,1360
bitmix_sha_style,embench_style,RISCV,22,0.015712018,0.010000,0.000000,0.000000,61568,1360
bitmix_sha_style,embench_style,RISCV,23,0.015838520,0.010000,0.010000,0.000000,61312,1360
bitmix_sha_style,embench_style,RISCV,24,0.016532543,0.010000,0.010000,0.000000,61952,1360
bitmix_sha_style,embench_style,RISCV,25,0.016044778,0.010000,0.010000,0.000000,61952,1360
bitmix_sha_style,embench_style,RISCV,26,0.016569906,0.010000,0.010000,0.000000,61568,1360
bitmix_sha_style,embench_style,RISCV,27,0.015957443,0.010000,0.000000,0.000000,61696,1360
bitmix_sha_style,embench_style,RISCV,28,0.015492197,0.010000,0.010000,0.000000,61824,1360
bitmix_sha_style,embench_style,RISCV,29,0.015289252,0.010000,0.000000,0.000000,61568,1360
montgomery64,embench_style,YSX,0,0.012456418,0.010000,0.010000,0.000000,57432,1440
montgomery64,embench_style,YSX,1,0.012055926,0.010000,0.000000,0.010000,56408,1440
montgomery64,embench_style,YSX,2,0.012808393,0.010000,0.010000,0.000000,57560,1440
montgomery64,embench_style,YSX,3,0.014041440,0.010000,0.010000,0.000000,57556,1440
montgomery64,embench_style,YSX,4,0.012788488,0.010000,0.000000,0.010000,56408,1440
montgomery64,embench_style,YSX,5,0.014354189,0.010000,0.010000,0.000000,57560,1440
montgomery64,embench_style,YSX,6,0.013423828,0.010000,0.000000,0.010000,56920,1440
montgomery64,embench_style,YSX,7,0.014520702,0.010000,0.000000,0.010000,57560,1440
montgomery64,embench_style,YSX,8,0.013556431,0.010000,0.000000,0.000000,56920,1440
montgomery64,embench_style,YSX,9,0.014800997,0.010000,0.000000,0.000000,56404,1440
montgomery64,embench_style,YSX,10,0.014135555,0.010000,0.000000,0.000000,56408,1440
montgomery64,embench_style,YSX,11,0.013982192,0.010000,0.010000,0.000000,57812,1440
montgomery64,embench_style,YSX,12,0.013127801,0.010000,0.010000,0.000000,56924,1440
montgomery64,embench_style,YSX,13,0.012369005,0.010000,0.000000,0.010000,57432,1440
montgomery64,embench_style,YSX,14,0.012220604,0.010000,0.000000,0.010000,56916,1440
montgomery64,embench_style,YSX,15,0.015210049,0.010000,0.010000,0.000000,56664,1440
montgomery64,embench_style,YSX,16,0.014701293,0.010000,0.000000,0.010000,56920,1440
montgomery64,embench_style,YSX,17,0.016472039,0.010000,0.000000,0.010000,57436,1440
montgomery64,embench_style,YSX,18,0.013537257,0.010000,0.010000,0.000000,56636,1440
montgomery64,embench_style,YSX,19,0.012503680,0.010000,0.000000,0.000000,56660,1440
montgomery64,embench_style,YSX,20,0.012221712,0.010000,0.010000,0.000000,56796,1440
montgomery64,embench_style,YSX,21,0.013501253,0.010000,0.000000,0.000000,57816,1440
montgomery64,embench_style,YSX,22,0.014628362,0.010000,0.010000,0.000000,56792,1440
montgomery64,embench_style,YSX,23,0.012535466,0.010000,0.010000,0.000000,56668,1440
montgomery64,embench_style,YSX,24,0.012635553,0.010000,0.010000,0.000000,56664,1440
montgomery64,embench_style,YSX,25,0.015273599,0.010000,0.010000,0.000000,56540,1440
montgomery64,embench_style,YSX,26,0.014669901,0.010000,0.010000,0.000000,57560,1440
montgomery64,embench_style,YSX,27,0.015062829,0.010000,0.000000,0.000000,56924,1440
montgomery64,embench_style,YSX,28,0.015719076,0.010000,0.000000,0.000000,56536,1440
montgomery64,embench_style,YSX,29,0.015117132,0.010000,0.000000,0.000000,56412,1440
montgomery64,embench_style,RISCV,0,0.015540212,0.010000,0.010000,0.000000,60892,1480
montgomery64,embench_style,RISCV,1,0.014430191,0.010000,0.000000,0.000000,61280,1480
montgomery64,embench_style,RISCV,2,0.018366702,0.010000,0.000000,0.000000,61536,1480
montgomery64,embench_style,RISCV,3,0.020333483,0.010000,0.000000,0.010000,60904,1480
montgomery64,embench_style,RISCV,4,0.019128882,0.010000,0.000000,0.000000,60504,1480
montgomery64,embench_style,RISCV,5,0.016220800,0.010000,0.010000,0.000000,60900,1480
montgomery64,embench_style,RISCV,6,0.014157641,0.010000,0.010000,0.000000,60896,1480
montgomery64,embench_style,RISCV,7,0.015283113,0.010000,0.000000,0.000000,61284,1480
montgomery64,embench_style,RISCV,8,0.015974170,0.010000,0.010000,0.000000,61024,1480
montgomery64,embench_style,RISCV,9,0.015823867,0.010000,0.010000,0.000000,60900,1480
montgomery64,embench_style,RISCV,10,0.015192132,0.010000,0.010000,0.000000,61540,1480
montgomery64,embench_style,RISCV,11,0.016053826,0.010000,0.000000,0.010000,61284,1480
montgomery64,embench_style,RISCV,12,0.016774177,0.010000,0.010000,0.000000,61668,1480
montgomery64,embench_style,RISCV,13,0.016969905,0.010000,0.000000,0.000000,61056,1480
montgomery64,embench_style,RISCV,14,0.018932117,0.010000,0.000000,0.000000,61276,1480
montgomery64,embench_style,RISCV,15,0.017121631,0.010000,0.000000,0.000000,61156,1480
montgomery64,embench_style,RISCV,16,0.015542643,0.010000,0.010000,0.000000,61024,1480
montgomery64,embench_style,RISCV,17,0.015488973,0.010000,0.000000,0.000000,60896,1480
montgomery64,embench_style,RISCV,18,0.015782605,0.010000,0.000000,0.010000,61284,1480
montgomery64,embench_style,RISCV,19,0.015018574,0.010000,0.010000,0.000000,61280,1480
montgomery64,embench_style,RISCV,20,0.014725630,0.010000,0.000000,0.010000,61156,1480
montgomery64,embench_style,RISCV,21,0.015242478,0.010000,0.000000,0.000000,61024,1480
montgomery64,embench_style,RISCV,22,0.014879391,0.010000,0.010000,0.000000,61156,1480
montgomery64,embench_style,RISCV,23,0.014645999,0.010000,0.000000,0.000000,61152,1480
montgomery64,embench_style,RISCV,24,0.014651851,0.010000,0.010000,0.000000,61288,1480
montgomery64,embench_style,RISCV,25,0.013549761,0.010000,0.000000,0.000000,60896,1480
montgomery64,embench_style,RISCV,26,0.014180863,0.010000,0.010000,0.000000,61148,1480
montgomery64,embench_style,RISCV,27,0.014532983,0.010000,0.000000,0.000000,61272,1480
montgomery64,embench_style,RISCV,28,0.014316016,0.010000,0.010000,0.000000,61028,1480
montgomery64,embench_style,RISCV,29,0.017033132,0.010000,0.000000,0.000000,60900,1480
insertion_sort,embench_style,YSX,0,0.012370889,0.010000,0.010000,0.000000,56664,1496
insertion_sort,embench_style,YSX,1,0.012987687,0.010000,0.010000,0.000000,56288,1496
insertion_sort,embench_style,YSX,2,0.012211740,0.010000,0.000000,0.000000,56960,1496
insertion_sort,embench_style,YSX,3,0.013250240,0.010000,0.010000,0.000000,56668,1496
insertion_sort,embench_style,YSX,4,0.012863739,0.010000,0.000000,0.010000,56288,1496
insertion_sort,embench_style,YSX,5,0.013075625,0.010000,0.010000,0.000000,56412,1496
insertion_sort,embench_style,YSX,6,0.014695451,0.010000,0.000000,0.010000,56928,1496
insertion_sort,embench_style,YSX,7,0.015695271,0.010000,0.000000,0.010000,56024,1496
insertion_sort,embench_style,YSX,8,0.015329875,0.010000,0.000000,0.010000,56028,1496
insertion_sort,embench_style,YSX,9,0.013658288,0.010000,0.010000,0.000000,56928,1496
insertion_sort,embench_style,YSX,10,0.012198001,0.010000,0.000000,0.010000,56544,1496
insertion_sort,embench_style,YSX,11,0.011677558,0.010000,0.000000,0.010000,56032,1496
insertion_sort,embench_style,YSX,12,0.012979634,0.010000,0.000000,0.000000,56032,1496
insertion_sort,embench_style,YSX,13,0.014760591,0.010000,0.010000,0.000000,56156,1496
insertion_sort,embench_style,YSX,14,0.013621200,0.010000,0.000000,0.010000,56924,1496
insertion_sort,embench_style,YSX,15,0.012976175,0.010000,0.010000,0.000000,56928,1496
insertion_sort,embench_style,YSX,16,0.013399334,0.010000,0.010000,0.000000,56416,1496
insertion_sort,embench_style,YSX,17,0.013621133,0.010000,0.000000,0.010000,56672,1496
insertion_sort,embench_style,YSX,18,0.012232739,0.010000,0.010000,0.000000,56276,1496
insertion_sort,embench_style,YSX,19,0.011897540,0.010000,0.010000,0.000000,56668,1496
insertion_sort,embench_style,YSX,20,0.013348904,0.010000,0.000000,0.010000,56920,1496
insertion_sort,embench_style,YSX,21,0.012554935,0.010000,0.000000,0.000000,56928,1496
insertion_sort,embench_style,YSX,22,0.014180598,0.010000,0.010000,0.000000,56928,1496
insertion_sort,embench_style,YSX,23,0.013912009,0.010000,0.010000,0.000000,56156,1496
insertion_sort,embench_style,YSX,24,0.012408461,0.010000,0.010000,0.000000,56288,1496
insertion_sort,embench_style,YSX,25,0.012626591,0.010000,0.000000,0.000000,56028,1496
insertion_sort,embench_style,YSX,26,0.012834199,0.010000,0.000000,0.010000,56156,1496
insertion_sort,embench_style,YSX,27,0.013105196,0.010000,0.000000,0.000000,56288,1496
insertion_sort,embench_style,YSX,28,0.012890397,0.010000,0.010000,0.000000,56668,1496
insertion_sort,embench_style,YSX,29,0.012401780,0.010000,0.010000,0.000000,56920,1496
insertion_sort,embench_style,RISCV,0,0.014165370,0.010000,0.010000,0.000000,60504,1536
insertion_sort,embench_style,RISCV,1,0.014427006,0.010000,0.010000,0.000000,60892,1536
insertion_sort,embench_style,RISCV,2,0.014785409,0.010000,0.000000,0.000000,60380,1536
insertion_sort,embench_style,RISCV,3,0.014529655,0.010000,0.000000,0.000000,60124,1536
insertion_sort,embench_style,RISCV,4,0.014755395,0.010000,0.010000,0.000000,60380,1536
insertion_sort,embench_style,RISCV,5,0.015831986,0.010000,0.000000,0.000000,60508,1536
insertion_sort,embench_style,RISCV,6,0.017027224,0.010000,0.000000,0.000000,60380,1536
insertion_sort,embench_style,RISCV,7,0.016358868,0.010000,0.010000,0.000000,60380,1536
insertion_sort,embench_style,RISCV,8,0.016421830,0.010000,0.000000,0.000000,60244,1536
insertion_sort,embench_style,RISCV,9,0.014308758,0.010000,0.010000,0.000000,60504,1536
insertion_sort,embench_style,RISCV,10,0.014378990,0.010000,0.000000,0.000000,59992,1536
insertion_sort,embench_style,RISCV,11,0.013648542,0.010000,0.000000,0.010000,61144,1536
insertion_sort,embench_style,RISCV,12,0.017052560,0.010000,0.010000,0.000000,60500,1536
insertion_sort,embench_style,RISCV,13,0.015265797,0.010000,0.000000,0.000000,60764,1536
insertion_sort,embench_style,RISCV,14,0.014371079,0.010000,0.000000,0.000000,60120,1536
insertion_sort,embench_style,RISCV,15,0.014308664,0.010000,0.010000,0.000000,60504,1536
insertion_sort,embench_style,RISCV,16,0.014245750,0.010000,0.000000,0.000000,60508,1536
insertion_sort,embench_style,RISCV,17,0.014384502,0.010000,0.010000,0.000000,60380,1536
insertion_sort,embench_style,RISCV,18,0.014349086,0.010000,0.000000,0.000000,60252,1536
insertion_sort,embench_style,RISCV,19,0.014114909,0.010000,0.010000,0.000000,60764,1536
insertion_sort,embench_style,RISCV,20,0.015209305,0.010000,0.000000,0.010000,60380,1536
insertion_sort,embench_style,RISCV,21,0.015198239,0.010000,0.000000,0.010000,60380,1536
insertion_sort,embench_style,RISCV,22,0.015092622,0.010000,0.000000,0.000000,60508,1536
insertion_sort,embench_style,RISCV,23,0.015617228,0.010000,0.010000,0.000000,60376,1536
insertion_sort,embench_style,RISCV,24,0.015679850,0.010000,0.000000,0.000000,60380,1536
insertion_sort,embench_style,RISCV,25,0.016247982,0.010000,0.010000,0.000000,60504,1536
insertion_sort,embench_style,RISCV,26,0.015934558,0.010000,0.010000,0.000000,60764,1536
insertion_sort,embench_style,RISCV,27,0.016118800,0.010000,0.000000,0.000000,60124,1536
insertion_sort,embench_style,RISCV,28,0.015278231,0.010000,0.010000,0.000000,60120,1536
insertion_sort,embench_style,RISCV,29,0.015431363,0.010000,0.000000,0.010000,60376,1536
state_machine,embench_style,YSX,0,0.014831739,0.010000,0.010000,0.000000,58112,2472
state_machine,embench_style,YSX,1,0.015134231,0.010000,0.000000,0.010000,57472,2472
state_machine,embench_style,YSX,2,0.013109342,0.010000,0.000000,0.010000,58112,2472
state_machine,embench_style,YSX,3,0.013232527,0.010000,0.010000,0.000000,57472,2472
state_machine,embench_style,YSX,4,0.013325242,0.010000,0.000000,0.010000,57472,2472
state_machine,embench_style,YSX,5,0.012787079,0.010000,0.000000,0.010000,57400,2472
state_machine,embench_style,YSX,6,0.013068282,0.010000,0.000000,0.010000,57144,2472
state_machine,embench_style,YSX,7,0.013179405,0.010000,0.000000,0.000000,57472,2472
state_machine,embench_style,YSX,8,0.013621092,0.010000,0.010000,0.000000,57472,2472
state_machine,embench_style,YSX,9,0.013346864,0.010000,0.010000,0.000000,57472,2472
state_machine,embench_style,YSX,10,0.014016954,0.010000,0.000000,0.000000,58040,2472
state_machine,embench_style,YSX,11,0.014083949,0.010000,0.010000,0.000000,58040,2472
state_machine,embench_style,YSX,12,0.013772963,0.010000,0.000000,0.010000,57656,2472
state_machine,embench_style,YSX,13,0.013562257,0.010000,0.000000,0.000000,57660,2472
state_machine,embench_style,YSX,14,0.013645030,0.010000,0.000000,0.000000,58112,2472
state_machine,embench_style,YSX,15,0.013685036,0.010000,0.000000,0.000000,57404,2472
state_machine,embench_style,YSX,16,0.013398949,0.010000,0.010000,0.000000,57216,2472
state_machine,embench_style,YSX,17,0.012964482,0.010000,0.010000,0.000000,57216,2472
state_machine,embench_style,YSX,18,0.014113523,0.010000,0.010000,0.000000,57472,2472
state_machine,embench_style,YSX,19,0.013453117,0.010000,0.010000,0.000000,57472,2472
state_machine,embench_style,YSX,20,0.014407590,0.010000,0.000000,0.000000,58168,2472
state_machine,embench_style,YSX,21,0.014487712,0.010000,0.010000,0.000000,58172,2472
state_machine,embench_style,YSX,22,0.015106699,0.010000,0.000000,0.000000,57272,2472
state_machine,embench_style,YSX,23,0.014287706,0.010000,0.010000,0.000000,57144,2472
state_machine,embench_style,YSX,24,0.013532116,0.010000,0.000000,0.010000,57344,2472
state_machine,embench_style,YSX,25,0.013480544,0.010000,0.000000,0.000000,57400,2472
state_machine,embench_style,YSX,26,0.014007233,0.010000,0.000000,0.010000,58112,2472
state_machine,embench_style,YSX,27,0.014999343,0.010000,0.000000,0.010000,57728,2472
state_machine,embench_style,YSX,28,0.014615984,0.010000,0.010000,0.000000,57344,2472
state_machine,embench_style,YSX,29,0.014873911,0.010000,0.000000,0.000000,58112,2472
state_machine,embench_style,RISCV,0,0.016826348,0.010000,0.010000,0.000000,61284,2512
state_machine,embench_style,RISCV,1,0.015968129,0.010000,0.000000,0.000000,61924,2512
state_machine,embench_style,RISCV,2,0.015832001,0.010000,0.010000,0.000000,61408,2512
state_machine,embench_style,RISCV,3,0.015144420,0.010000,0.010000,0.000000,61668,2512
state_machine,embench_style,RISCV,4,0.015923041,0.010000,0.000000,0.000000,61796,2512
state_machine,embench_style,RISCV,5,0.015655921,0.010000,0.010000,0.000000,61544,2512
state_machine,embench_style,RISCV,6,0.017128664,0.010000,0.000000,0.010000,61800,2512
state_machine,embench_style,RISCV,7,0.021398898,0.020000,0.020000,0.000000,61544,2512
state_machine,embench_style,RISCV,8,0.027058914,0.020000,0.000000,0.010000,61380,2512
state_machine,embench_style,RISCV,9,0.021301822,0.020000,0.010000,0.000000,61032,2512
state_machine,embench_style,RISCV,10,0.025497752,0.020000,0.010000,0.000000,61284,2512
state_machine,embench_style,RISCV,11,0.021519854,0.020000,0.020000,0.000000,61412,2512
state_machine,embench_style,RISCV,12,0.022625941,0.020000,0.020000,0.000000,61544,2512
state_machine,embench_style,RISCV,13,0.016745340,0.010000,0.010000,0.000000,61800,2512
state_machine,embench_style,RISCV,14,0.015755512,0.010000,0.010000,0.000000,61800,2512
state_machine,embench_style,RISCV,15,0.017219311,0.010000,0.000000,0.000000,61408,2512
state_machine,embench_style,RISCV,16,0.017168103,0.010000,0.000000,0.000000,61032,2512
state_machine,embench_style,RISCV,17,0.017540426,0.010000,0.010000,0.000000,61924,2512
state_machine,embench_style,RISCV,18,0.017222298,0.010000,0.010000,0.000000,61412,2512
state_machine,embench_style,RISCV,19,0.016747057,0.010000,0.000000,0.000000,61420,2512
state_machine,embench_style,RISCV,20,0.015960998,0.010000,0.000000,0.000000,61184,2512
state_machine,embench_style,RISCV,21,0.016428621,0.010000,0.010000,0.000000,61676,2512
state_machine,embench_style,RISCV,22,0.017574539,0.010000,0.000000,0.010000,61536,2512
state_machine,embench_style,RISCV,23,0.017062071,0.010000,0.010000,0.000000,61548,2512
state_machine,embench_style,RISCV,24,0.015841135,0.010000,0.010000,0.000000,61540,2512
state_machine,embench_style,RISCV,25,0.016439874,0.010000,0.000000,0.010000,61532,2512
state_machine,embench_style,RISCV,26,0.016681895,0.010000,0.000000,0.000000,61672,2512
state_machine,embench_style,RISCV,27,0.017745830,0.010000,0.010000,0.000000,61668,2512
state_machine,embench_style,RISCV,28,0.016020465,0.010000,0.010000,0.000000,61540,2512
state_machine,embench_style,RISCV,29,0.015950276,0.010000,0.000000,0.000000,61672,2512
dijkstra_i32,embench_style,YSX,0,0.016514926,0.010000,0.000000,0.010000,57272,2080
dijkstra_i32,embench_style,YSX,1,0.016871710,0.010000,0.010000,0.000000,57400,2080
dijkstra_i32,embench_style,YSX,2,0.017887872,0.010000,0.010000,0.000000,57400,2080
dijkstra_i32,embench_style,YSX,3,0.018042417,0.010000,0.010000,0.000000,57660,2080
dijkstra_i32,embench_style,YSX,4,0.017046855,0.010000,0.010000,0.000000,57532,2080
dijkstra_i32,embench_style,YSX,5,0.016652300,0.010000,0.010000,0.000000,57532,2080
dijkstra_i32,embench_style,YSX,6,0.018569884,0.010000,0.000000,0.000000,58556,2080
dijkstra_i32,embench_style,YSX,7,0.017257623,0.010000,0.000000,0.000000,58240,2080
dijkstra_i32,embench_style,YSX,8,0.018013034,0.010000,0.000000,0.000000,57532,2080
dijkstra_i32,embench_style,YSX,9,0.018307371,0.010000,0.010000,0.000000,57528,2080
dijkstra_i32,embench_style,YSX,10,0.016186623,0.010000,0.010000,0.000000,58560,2080
dijkstra_i32,embench_style,YSX,11,0.016328185,0.010000,0.000000,0.000000,57472,2080
dijkstra_i32,embench_style,YSX,12,0.016517943,0.010000,0.010000,0.000000,57528,2080
dijkstra_i32,embench_style,YSX,13,0.017529563,0.010000,0.000000,0.000000,57536,2080
dijkstra_i32,embench_style,YSX,14,0.017633908,0.010000,0.000000,0.000000,57528,2080
dijkstra_i32,embench_style,YSX,15,0.016743900,0.010000,0.000000,0.000000,57660,2080
dijkstra_i32,embench_style,YSX,16,0.016810582,0.010000,0.010000,0.000000,58556,2080
dijkstra_i32,embench_style,YSX,17,0.016851387,0.010000,0.010000,0.000000,57528,2080
dijkstra_i32,embench_style,YSX,18,0.017329374,0.010000,0.000000,0.000000,57912,2080
dijkstra_i32,embench_style,YSX,19,0.018362231,0.010000,0.000000,0.000000,57532,2080
dijkstra_i32,embench_style,YSX,20,0.016977229,0.010000,0.000000,0.010000,57404,2080
dijkstra_i32,embench_style,YSX,21,0.016600909,0.010000,0.000000,0.000000,57532,2080
dijkstra_i32,embench_style,YSX,22,0.018331884,0.010000,0.000000,0.000000,58240,2080
dijkstra_i32,embench_style,YSX,23,0.018693615,0.010000,0.010000,0.000000,58300,2080
dijkstra_i32,embench_style,YSX,24,0.016142562,0.010000,0.010000,0.000000,57600,2080
dijkstra_i32,embench_style,YSX,25,0.015914214,0.010000,0.000000,0.000000,57660,2080
dijkstra_i32,embench_style,YSX,26,0.015727805,0.010000,0.000000,0.000000,57656,2080
dijkstra_i32,embench_style,YSX,27,0.015890234,0.010000,0.010000,0.000000,57400,2080
dijkstra_i32,embench_style,YSX,28,0.017139705,0.010000,0.000000,0.000000,57656,2080
dijkstra_i32,embench_style,YSX,29,0.016192456,0.010000,0.000000,0.000000,57532,2080
dijkstra_i32,embench_style,RISCV,0,0.017881264,0.010000,0.000000,0.000000,61292,2112
dijkstra_i32,embench_style,RISCV,1,0.017711965,0.010000,0.010000,0.000000,61028,2112
dijkstra_i32,embench_style,RISCV,2,0.018095593,0.010000,0.000000,0.000000,60784,2112
dijkstra_i32,embench_style,RISCV,3,0.018490779,0.010000,0.000000,0.000000,60900,2112
dijkstra_i32,embench_style,RISCV,4,0.017816042,0.010000,0.010000,0.000000,61160,2112
dijkstra_i32,embench_style,RISCV,5,0.017163613,0.010000,0.010000,0.000000,60928,2112
dijkstra_i32,embench_style,RISCV,6,0.017113793,0.010000,0.010000,0.000000,61292,2112
dijkstra_i32,embench_style,RISCV,7,0.018835430,0.010000,0.010000,0.000000,60908,2112
dijkstra_i32,embench_style,RISCV,8,0.018039390,0.010000,0.000000,0.000000,61160,2112
dijkstra_i32,embench_style,RISCV,9,0.018014938,0.010000,0.010000,0.000000,60644,2112
dijkstra_i32,embench_style,RISCV,10,0.017742393,0.010000,0.010000,0.000000,60652,2112
dijkstra_i32,embench_style,RISCV,11,0.018179763,0.010000,0.010000,0.000000,61288,2112
dijkstra_i32,embench_style,RISCV,12,0.017894588,0.010000,0.000000,0.000000,60908,2112
dijkstra_i32,embench_style,RISCV,13,0.017621499,0.010000,0.000000,0.000000,60516,2112
dijkstra_i32,embench_style,RISCV,14,0.017266525,0.010000,0.000000,0.000000,61292,2112
dijkstra_i32,embench_style,RISCV,15,0.016552308,0.010000,0.010000,0.000000,60388,2112
dijkstra_i32,embench_style,RISCV,16,0.017751310,0.010000,0.000000,0.000000,61284,2112
dijkstra_i32,embench_style,RISCV,17,0.017702628,0.010000,0.000000,0.010000,60908,2112
dijkstra_i32,embench_style,RISCV,18,0.018275221,0.010000,0.010000,0.000000,61020,2112
dijkstra_i32,embench_style,RISCV,19,0.018630403,0.010000,0.000000,0.000000,60900,2112
dijkstra_i32,embench_style,RISCV,20,0.018003775,0.010000,0.010000,0.000000,61412,2112
dijkstra_i32,embench_style,RISCV,21,0.016838066,0.010000,0.000000,0.000000,61160,2112
dijkstra_i32,embench_style,RISCV,22,0.017761974,0.010000,0.000000,0.000000,61032,2112
dijkstra_i32,embench_style,RISCV,23,0.017403188,0.010000,0.000000,0.000000,60904,2112
dijkstra_i32,embench_style,RISCV,24,0.017187002,0.010000,0.000000,0.010000,61036,2112
dijkstra_i32,embench_style,RISCV,25,0.017622348,0.010000,0.000000,0.000000,61160,2112
dijkstra_i32,embench_style,RISCV,26,0.018807245,0.010000,0.000000,0.000000,61292,2112
dijkstra_i32,embench_style,RISCV,27,0.017819719,0.010000,0.010000,0.000000,61032,2112
dijkstra_i32,embench_style,RISCV,28,0.017944516,0.010000,0.000000,0.000000,61284,2112
dijkstra_i32,embench_style,RISCV,29,0.017339918,0.010000,0.000000,0.010000,61156,2112
fir_i32,embench_style,YSX,0,0.012923844,0.010000,0.000000,0.000000,57840,1672
fir_i32,embench_style,YSX,1,0.013147768,0.010000,0.000000,0.010000,57200,1672
fir_i32,embench_style,YSX,2,0.013362746,0.010000,0.010000,0.000000,57620,1672
fir_i32,embench_style,YSX,3,0.013247055,0.010000,0.010000,0.000000,57840,1672
fir_i32,embench_style,YSX,4,0.013514137,0.010000,0.010000,0.000000,57076,1672
fir_i32,embench_style,YSX,5,0.012720764,0.010000,0.000000,0.010000,57200,1672
fir_i32,embench_style,YSX,6,0.013935780,0.010000,0.000000,0.010000,57656,1672
fir_i32,embench_style,YSX,7,0.012741380,0.010000,0.010000,0.000000,57076,1672
fir_i32,embench_style,YSX,8,0.013567711,0.010000,0.010000,0.000000,56948,1672
fir_i32,embench_style,YSX,9,0.014467406,0.010000,0.010000,0.000000,57588,1672
fir_i32,embench_style,YSX,10,0.015529831,0.010000,0.010000,0.000000,57844,1672
fir_i32,embench_style,YSX,11,0.013656684,0.010000,0.000000,0.010000,57584,1672
fir_i32,embench_style,YSX,12,0.013614963,0.010000,0.000000,0.000000,57716,1672
fir_i32,embench_style,YSX,13,0.014547465,0.010000,0.010000,0.000000,57076,1672
fir_i32,embench_style,YSX,14,0.017667352,0.010000,0.000000,0.000000,57584,1672
fir_i32,embench_style,YSX,15,0.015498182,0.010000,0.010000,0.000000,56952,1672
fir_i32,embench_style,YSX,16,0.015062728,0.010000,0.010000,0.000000,56948,1672
fir_i32,embench_style,YSX,17,0.015129796,0.010000,0.000000,0.010000,57720,1672
fir_i32,embench_style,YSX,18,0.015615248,0.010000,0.010000,0.000000,57856,1672
fir_i32,embench_style,YSX,19,0.015803853,0.010000,0.000000,0.000000,57844,1672
fir_i32,embench_style,YSX,20,0.015578968,0.010000,0.010000,0.000000,57204,1672
fir_i32,embench_style,YSX,21,0.015362437,0.010000,0.010000,0.000000,57076,1672
fir_i32,embench_style,YSX,22,0.013780267,0.010000,0.010000,0.000000,57076,1672
fir_i32,embench_style,YSX,23,0.012741218,0.010000,0.000000,0.000000,56820,1672
fir_i32,embench_style,YSX,24,0.013979797,0.010000,0.010000,0.000000,57456,1672
fir_i32,embench_style,YSX,25,0.014082745,0.010000,0.000000,0.010000,57216,1672
fir_i32,embench_style,YSX,26,0.016654277,0.010000,0.000000,0.000000,57592,1672
fir_i32,embench_style,YSX,27,0.013231239,0.010000,0.000000,0.010000,57588,1672
fir_i32,embench_style,YSX,28,0.013493796,0.010000,0.000000,0.000000,57716,1672
fir_i32,embench_style,YSX,29,0.014003817,0.010000,0.010000,0.000000,57084,1672
fir_i32,embench_style,RISCV,0,0.015365721,0.010000,0.010000,0.000000,60668,1632
fir_i32,embench_style,RISCV,1,0.016523820,0.010000,0.000000,0.010000,60128,1632
fir_i32,embench_style,RISCV,2,0.015436676,0.010000,0.010000,0.000000,60664,1632
fir_i32,embench_style,RISCV,3,0.015768671,0.010000,0.000000,0.000000,60920,1632
fir_i32,embench_style,RISCV,4,0.015490403,0.010000,0.000000,0.000000,60540,1632
fir_i32,embench_style,RISCV,5,0.016028064,0.010000,0.010000,0.000000,60664,1632
fir_i32,embench_style,RISCV,6,0.017678716,0.010000,0.000000,0.000000,60408,1632
fir_i32,embench_style,RISCV,7,0.021090093,0.020000,0.010000,0.000000,60132,1632
fir_i32,embench_style,RISCV,8,0.017553047,0.010000,0.000000,0.000000,60792,1632
fir_i32,embench_style,RISCV,9,0.019657209,0.010000,0.010000,0.000000,60668,1632
fir_i32,embench_style,RISCV,10,0.018998884,0.010000,0.010000,0.000000,61048,1632
fir_i32,embench_style,RISCV,11,0.020006359,0.010000,0.010000,0.000000,60284,1632
fir_i32,embench_style,RISCV,12,0.016158351,0.010000,0.000000,0.010000,60536,1632
fir_i32,embench_style,RISCV,13,0.015299208,0.010000,0.000000,0.010000,60664,1632
fir_i32,embench_style,RISCV,14,0.016030748,0.010000,0.000000,0.000000,60664,1632
fir_i32,embench_style,RISCV,15,0.015791381,0.010000,0.010000,0.000000,60664,1632
fir_i32,embench_style,RISCV,16,0.015415974,0.010000,0.000000,0.000000,60284,1632
fir_i32,embench_style,RISCV,17,0.014922332,0.010000,0.010000,0.000000,60408,1632
fir_i32,embench_style,RISCV,18,0.015535720,0.010000,0.010000,0.000000,60668,1632
fir_i32,embench_style,RISCV,19,0.015386035,0.010000,0.000000,0.010000,60920,1632
fir_i32,embench_style,RISCV,20,0.015454141,0.010000,0.000000,0.000000,60280,1632
fir_i32,embench_style,RISCV,21,0.016719089,0.010000,0.000000,0.010000,60668,1632
fir_i32,embench_style,RISCV,22,0.015555475,0.010000,0.010000,0.000000,60416,1632
fir_i32,embench_style,RISCV,23,0.014768889,0.010000,0.000000,0.010000,60540,1632
fir_i32,embench_style,RISCV,24,0.015035236,0.010000,0.010000,0.000000,60920,1632
fir_i32,embench_style,RISCV,25,0.015382655,0.010000,0.010000,0.000000,60536,1632
fir_i32,embench_style,RISCV,26,0.014692216,0.010000,0.000000,0.010000,61044,1632
fir_i32,embench_style,RISCV,27,0.015962306,0.010000,0.010000,0.000000,60664,1632
fir_i32,embench_style,RISCV,28,0.016633551,0.010000,0.010000,0.000000,60664,1632
fir_i32,embench_style,RISCV,29,0.016332573,0.010000,0.010000,0.000000,60916,1632
fixed_butterfly_i32,embench_style,YSX,0,0.017099720,0.010000,0.010000,0.000000,58468,1928
fixed_butterfly_i32,embench_style,YSX,1,0.017781343,0.010000,0.000000,0.000000,58464,1928
fixed_butterfly_i32,embench_style,YSX,2,0.017360716,0.010000,0.000000,0.000000,57436,1928
fixed_butterfly_i32,embench_style,YSX,3,0.017148582,0.010000,0.010000,0.000000,57440,1928
fixed_butterfly_i32,embench_style,YSX,4,0.017787821,0.010000,0.010000,0.000000,57184,1928
fixed_butterfly_i32,embench_style,YSX,5,0.018121002,0.010000,0.010000,0.000000,57572,1928
fixed_butterfly_i32,embench_style,YSX,6,0.017687675,0.010000,0.000000,0.000000,57568,1928
fixed_butterfly_i32,embench_style,YSX,7,0.016337165,0.010000,0.000000,0.000000,58208,1928
fixed_butterfly_i32,embench_style,YSX,8,0.016690978,0.010000,0.000000,0.010000,57444,1928
fixed_butterfly_i32,embench_style,YSX,9,0.015996262,0.010000,0.010000,0.000000,57312,1928
fixed_butterfly_i32,embench_style,YSX,10,0.016906654,0.010000,0.010000,0.000000,57316,1928
fixed_butterfly_i32,embench_style,YSX,11,0.016494289,0.010000,0.010000,0.000000,57312,1928
fixed_butterfly_i32,embench_style,YSX,12,0.017093187,0.010000,0.000000,0.000000,57444,1928
fixed_butterfly_i32,embench_style,YSX,13,0.016736957,0.010000,0.000000,0.000000,57312,1928
fixed_butterfly_i32,embench_style,YSX,14,0.017063088,0.010000,0.000000,0.010000,57312,1928
fixed_butterfly_i32,embench_style,YSX,15,0.016478318,0.010000,0.010000,0.000000,58464,1928
fixed_butterfly_i32,embench_style,YSX,16,0.017097271,0.010000,0.010000,0.000000,57572,1928
fixed_butterfly_i32,embench_style,YSX,17,0.017044356,0.010000,0.000000,0.000000,57188,1928
fixed_butterfly_i32,embench_style,YSX,18,0.017180736,0.010000,0.010000,0.000000,57440,1928
fixed_butterfly_i32,embench_style,YSX,19,0.018301874,0.010000,0.010000,0.000000,57308,1928
fixed_butterfly_i32,embench_style,YSX,20,0.020356902,0.010000,0.000000,0.000000,57440,1928
fixed_butterfly_i32,embench_style,YSX,21,0.019664407,0.010000,0.000000,0.000000,57952,1928
fixed_butterfly_i32,embench_style,YSX,22,0.016181538,0.010000,0.000000,0.000000,57572,1928
fixed_butterfly_i32,embench_style,YSX,23,0.017013782,0.010000,0.000000,0.000000,57952,1928
fixed_butterfly_i32,embench_style,YSX,24,0.018749620,0.010000,0.010000,0.000000,57572,1928
fixed_butterfly_i32,embench_style,YSX,25,0.017876588,0.010000,0.010000,0.000000,58208,1928
fixed_butterfly_i32,embench_style,YSX,26,0.016912118,0.010000,0.010000,0.000000,57956,1928
fixed_butterfly_i32,embench_style,YSX,27,0.017074283,0.010000,0.010000,0.000000,58080,1928
fixed_butterfly_i32,embench_style,YSX,28,0.017662597,0.010000,0.000000,0.010000,58076,1928
fixed_butterfly_i32,embench_style,YSX,29,0.017863226,0.010000,0.010000,0.000000,57440,1928
fixed_butterfly_i32,embench_style,RISCV,0,0.021279274,0.020000,0.010000,0.010000,61184,1968
fixed_butterfly_i32,embench_style,RISCV,1,0.021051357,0.020000,0.000000,0.000000,61056,1968
fixed_butterfly_i32,embench_style,RISCV,2,0.019007254,0.010000,0.000000,0.000000,60928,1968
fixed_butterfly_i32,embench_style,RISCV,3,0.019429611,0.010000,0.000000,0.000000,61056,1968
fixed_butterfly_i32,embench_style,RISCV,4,0.024930131,0.020000,0.020000,0.000000,61440,1968
fixed_butterfly_i32,embench_style,RISCV,5,0.022143261,0.020000,0.010000,0.010000,61184,1968
fixed_butterfly_i32,embench_style,RISCV,6,0.019843517,0.010000,0.000000,0.000000,60928,1968
fixed_butterfly_i32,embench_style,RISCV,7,0.018566209,0.010000,0.010000,0.000000,61568,1968
fixed_butterfly_i32,embench_style,RISCV,8,0.018222144,0.010000,0.000000,0.000000,60672,1968
fixed_butterfly_i32,embench_style,RISCV,9,0.020131134,0.010000,0.010000,0.000000,61312,1968
fixed_butterfly_i32,embench_style,RISCV,10,0.022935507,0.020000,0.010000,0.010000,61312,1968
fixed_butterfly_i32,embench_style,RISCV,11,0.021124677,0.010000,0.000000,0.000000,61056,1968
fixed_butterfly_i32,embench_style,RISCV,12,0.020153079,0.010000,0.010000,0.000000,61312,1968
fixed_butterfly_i32,embench_style,RISCV,13,0.018725857,0.010000,0.010000,0.000000,61312,1968
fixed_butterfly_i32,embench_style,RISCV,14,0.017848043,0.010000,0.010000,0.000000,61568,1968
fixed_butterfly_i32,embench_style,RISCV,15,0.018752614,0.010000,0.000000,0.010000,60928,1968
fixed_butterfly_i32,embench_style,RISCV,16,0.018662988,0.010000,0.010000,0.000000,61312,1968
fixed_butterfly_i32,embench_style,RISCV,17,0.019004419,0.010000,0.010000,0.000000,61312,1968
fixed_butterfly_i32,embench_style,RISCV,18,0.020452632,0.010000,0.010000,0.000000,60672,1968
fixed_butterfly_i32,embench_style,RISCV,19,0.019609546,0.010000,0.010000,0.000000,61312,1968
fixed_butterfly_i32,embench_style,RISCV,20,0.019643862,0.010000,0.010000,0.000000,61696,1968
fixed_butterfly_i32,embench_style,RISCV,21,0.020124207,0.010000,0.010000,0.000000,60928,1968
fixed_butterfly_i32,embench_style,RISCV,22,0.019474495,0.010000,0.010000,0.000000,61568,1968
fixed_butterfly_i32,embench_style,RISCV,23,0.019418183,0.010000,0.000000,0.000000,61056,1968
fixed_butterfly_i32,embench_style,RISCV,24,0.020822617,0.010000,0.010000,0.000000,61440,1968
fixed_butterfly_i32,embench_style,RISCV,25,0.019061054,0.010000,0.000000,0.000000,61440,1968
fixed_butterfly_i32,embench_style,RISCV,26,0.019010357,0.010000,0.010000,0.000000,61184,1968
fixed_butterfly_i32,embench_style,RISCV,27,0.020747107,0.010000,0.000000,0.000000,60896,1968
fixed_butterfly_i32,embench_style,RISCV,28,0.019151679,0.010000,0.010000,0.000000,61568,1968
fixed_butterfly_i32,embench_style,RISCV,29,0.018515071,0.010000,0.010000,0.000000,60928,1968
levenshtein_i32,embench_style,YSX,0,0.017532074,0.010000,0.010000,0.000000,58056,1968
levenshtein_i32,embench_style,YSX,1,0.016318733,0.010000,0.010000,0.000000,57932,1968
levenshtein_i32,embench_style,YSX,2,0.015658532,0.010000,0.000000,0.000000,58568,1968
levenshtein_i32,embench_style,YSX,3,0.017069551,0.010000,0.010000,0.000000,58696,1968
levenshtein_i32,embench_style,YSX,4,0.015954450,0.010000,0.010000,0.000000,58700,1968
levenshtein_i32,embench_style,YSX,5,0.016728275,0.010000,0.000000,0.000000,58572,1968
levenshtein_i32,embench_style,YSX,6,0.016505603,0.010000,0.000000,0.010000,57932,1968
levenshtein_i32,embench_style,YSX,7,0.016177522,0.010000,0.010000,0.000000,58572,1968
levenshtein_i32,embench_style,YSX,8,0.017292477,0.010000,0.000000,0.000000,58180,1968
levenshtein_i32,embench_style,YSX,9,0.017515930,0.010000,0.000000,0.000000,57936,1968
levenshtein_i32,embench_style,YSX,10,0.016112575,0.010000,0.000000,0.010000,58056,1968
levenshtein_i32,embench_style,YSX,11,0.016885183,0.010000,0.010000,0.000000,57932,1968
levenshtein_i32,embench_style,YSX,12,0.019531115,0.010000,0.000000,0.000000,58192,1968
levenshtein_i32,embench_style,YSX,13,0.020354930,0.010000,0.010000,0.000000,58060,1968
levenshtein_i32,embench_style,YSX,14,0.016227527,0.010000,0.000000,0.000000,58696,1968
levenshtein_i32,embench_style,YSX,15,0.016573517,0.010000,0.000000,0.010000,58056,1968
levenshtein_i32,embench_style,YSX,16,0.017061017,0.010000,0.010000,0.000000,58060,1968
levenshtein_i32,embench_style,YSX,17,0.017179387,0.010000,0.000000,0.000000,58188,1968
levenshtein_i32,embench_style,YSX,18,0.016420702,0.010000,0.000000,0.000000,58568,1968
levenshtein_i32,embench_style,YSX,19,0.016945458,0.010000,0.010000,0.000000,58184,1968
levenshtein_i32,embench_style,YSX,20,0.016349069,0.010000,0.010000,0.000000,58572,1968
levenshtein_i32,embench_style,YSX,21,0.018218797,0.010000,0.000000,0.000000,57932,1968
levenshtein_i32,embench_style,YSX,22,0.018812510,0.010000,0.000000,0.000000,57928,1968
levenshtein_i32,embench_style,YSX,23,0.018709238,0.010000,0.000000,0.000000,57932,1968
levenshtein_i32,embench_style,YSX,24,0.016816358,0.010000,0.010000,0.000000,57932,1968
levenshtein_i32,embench_style,YSX,25,0.017226467,0.010000,0.000000,0.000000,58700,1968
levenshtein_i32,embench_style,YSX,26,0.017603791,0.010000,0.000000,0.010000,58060,1968
levenshtein_i32,embench_style,YSX,27,0.017895220,0.010000,0.000000,0.010000,57932,1968
levenshtein_i32,embench_style,YSX,28,0.018043938,0.010000,0.010000,0.000000,57804,1968
levenshtein_i32,embench_style,YSX,29,0.020032034,0.010000,0.000000,0.000000,57936,1968
levenshtein_i32,embench_style,RISCV,0,0.022051340,0.020000,0.010000,0.010000,61632,1952
levenshtein_i32,embench_style,RISCV,1,0.020565370,0.010000,0.000000,0.000000,61368,1952
levenshtein_i32,embench_style,RISCV,2,0.019797228,0.010000,0.000000,0.000000,61760,1952
levenshtein_i32,embench_style,RISCV,3,0.019391132,0.010000,0.010000,0.000000,61884,1952
levenshtein_i32,embench_style,RISCV,4,0.018104120,0.010000,0.000000,0.000000,61500,1952
levenshtein_i32,embench_style,RISCV,5,0.017768150,0.010000,0.010000,0.000000,61504,1952
levenshtein_i32,embench_style,RISCV,6,0.018187959,0.010000,0.010000,0.000000,61632,1952
levenshtein_i32,embench_style,RISCV,7,0.018913559,0.010000,0.000000,0.000000,61508,1952
levenshtein_i32,embench_style,RISCV,8,0.019345140,0.010000,0.000000,0.000000,61504,1952
levenshtein_i32,embench_style,RISCV,9,0.020613892,0.010000,0.000000,0.000000,61372,1952
levenshtein_i32,embench_style,RISCV,10,0.019668884,0.010000,0.000000,0.000000,61508,1952
levenshtein_i32,embench_style,RISCV,11,0.022088782,0.020000,0.010000,0.010000,61760,1952
levenshtein_i32,embench_style,RISCV,12,0.022214558,0.020000,0.010000,0.010000,61504,1952
levenshtein_i32,embench_style,RISCV,13,0.022963893,0.020000,0.020000,0.000000,61372,1952
levenshtein_i32,embench_style,RISCV,14,0.027311653,0.020000,0.010000,0.000000,61380,1952
levenshtein_i32,embench_style,RISCV,15,0.022417035,0.020000,0.020000,0.000000,61632,1952
levenshtein_i32,embench_style,RISCV,16,0.018838902,0.010000,0.010000,0.000000,61628,1952
levenshtein_i32,embench_style,RISCV,17,0.017995271,0.010000,0.000000,0.000000,61504,1952
levenshtein_i32,embench_style,RISCV,18,0.018537188,0.010000,0.000000,0.000000,61376,1952
levenshtein_i32,embench_style,RISCV,19,0.018650445,0.010000,0.000000,0.000000,61496,1952
levenshtein_i32,embench_style,RISCV,20,0.018005022,0.010000,0.010000,0.000000,62012,1952
levenshtein_i32,embench_style,RISCV,21,0.018040895,0.010000,0.000000,0.000000,61496,1952
levenshtein_i32,embench_style,RISCV,22,0.018658601,0.010000,0.010000,0.000000,61632,1952
levenshtein_i32,embench_style,RISCV,23,0.019893193,0.010000,0.010000,0.000000,61624,1952
levenshtein_i32,embench_style,RISCV,24,0.020411268,0.010000,0.010000,0.000000,61504,1952
levenshtein_i32,embench_style,RISCV,25,0.020956858,0.010000,0.010000,0.000000,61496,1952
levenshtein_i32,embench_style,RISCV,26,0.019891493,0.010000,0.010000,0.000000,61372,1952
levenshtein_i32,embench_style,RISCV,27,0.021866123,0.020000,0.010000,0.010000,61696,1952
levenshtein_i32,embench_style,RISCV,28,0.021514276,0.020000,0.020000,0.000000,61892,1952
levenshtein_i32,embench_style,RISCV,29,0.020815601,0.010000,0.000000,0.000000,61368,1952
atax_i32,polybench_style,YSX,0,0.015182602,0.010000,0.000000,0.010000,57600,1568
atax_i32,polybench_style,YSX,1,0.014918704,0.010000,0.000000,0.010000,57344,1568
atax_i32,polybench_style,YSX,2,0.014830103,0.010000,0.000000,0.010000,58240,1568
atax_i32,polybench_style,YSX,3,0.015239247,0.010000,0.010000,0.000000,57856,1568
atax_i32,polybench_style,YSX,4,0.016157352,0.010000,0.000000,0.000000,57472,1568
atax_i32,polybench_style,YSX,5,0.016090217,0.010000,0.010000,0.000000,57472,1568
atax_i32,polybench_style,YSX,6,0.014809502,0.010000,0.000000,0.000000,57600,1568
atax_i32,polybench_style,YSX,7,0.015796246,0.010000,0.010000,0.000000,57192,1568
atax_i32,polybench_style,YSX,8,0.014932182,0.010000,0.000000,0.000000,57600,1568
atax_i32,polybench_style,YSX,9,0.014520351,0.010000,0.000000,0.010000,57216,1568
atax_i32,polybench_style,YSX,10,0.015429708,0.010000,0.010000,0.000000,57216,1568
atax_i32,polybench_style,YSX,11,0.015306342,0.010000,0.010000,0.000000,57856,1568
atax_i32,polybench_style,YSX,12,0.016276722,0.010000,0.000000,0.000000,57216,1568
atax_i32,polybench_style,YSX,13,0.015479614,0.010000,0.000000,0.000000,57344,1568
atax_i32,polybench_style,YSX,14,0.014891487,0.010000,0.010000,0.000000,57600,1568
atax_i32,polybench_style,YSX,15,0.014520706,0.010000,0.000000,0.000000,57472,1568
atax_i32,polybench_style,YSX,16,0.014928989,0.010000,0.010000,0.000000,57472,1568
atax_i32,polybench_style,YSX,17,0.014822303,0.010000,0.000000,0.010000,57344,1568
atax_i32,polybench_style,YSX,18,0.013927382,0.010000,0.010000,0.000000,57856,1568
atax_i32,polybench_style,YSX,19,0.015393829,0.010000,0.000000,0.010000,58240,1568
atax_i32,polybench_style,YSX,20,0.014526314,0.010000,0.010000,0.000000,57344,1568
atax_i32,polybench_style,YSX,21,0.014626953,0.010000,0.000000,0.010000,57216,1568
atax_i32,polybench_style,YSX,22,0.014199003,0.010000,0.000000,0.000000,58240,1568
atax_i32,polybench_style,YSX,23,0.014238527,0.010000,0.010000,0.000000,57216,1568
atax_i32,polybench_style,YSX,24,0.014726923,0.010000,0.000000,0.000000,57216,1568
atax_i32,polybench_style,YSX,25,0.015090976,0.010000,0.010000,0.000000,57600,1568
atax_i32,polybench_style,YSX,26,0.015557175,0.010000,0.010000,0.000000,57216,1568
atax_i32,polybench_style,YSX,27,0.016059950,0.010000,0.000000,0.010000,57216,1568
atax_i32,polybench_style,YSX,28,0.015711949,0.010000,0.010000,0.000000,57344,1568
atax_i32,polybench_style,YSX,29,0.015624309,0.010000,0.010000,0.000000,57344,1568
atax_i32,polybench_style,RISCV,0,0.017352065,0.010000,0.010000,0.000000,61248,1608
atax_i32,polybench_style,RISCV,1,0.017611786,0.010000,0.000000,0.000000,60856,1608
atax_i32,polybench_style,RISCV,2,0.016757730,0.010000,0.010000,0.000000,61244,1608
atax_i32,polybench_style,RISCV,3,0.016034376,0.010000,0.000000,0.000000,60604,1608
atax_i32,polybench_style,RISCV,4,0.015484491,0.010000,0.010000,0.000000,60216,1608
atax_i32,polybench_style,RISCV,5,0.016746858,0.010000,0.000000,0.000000,60860,1608
atax_i32,polybench_style,RISCV,6,0.018256845,0.010000,0.000000,0.000000,60604,1608
atax_i32,polybench_style,RISCV,7,0.019101603,0.010000,0.000000,0.000000,60352,1608
atax_i32,polybench_style,RISCV,8,0.018104944,0.010000,0.000000,0.000000,60736,1608
atax_i32,polybench_style,RISCV,9,0.018092351,0.010000,0.010000,0.000000,60600,1608
atax_i32,polybench_style,RISCV,10,0.019897254,0.010000,0.000000,0.000000,60344,1608
atax_i32,polybench_style,RISCV,11,0.018938568,0.010000,0.000000,0.000000,60216,1608
atax_i32,polybench_style,RISCV,12,0.017805052,0.010000,0.010000,0.000000,61184,1608
atax_i32,polybench_style,RISCV,13,0.017682812,0.010000,0.000000,0.000000,60604,1608
atax_i32,polybench_style,RISCV,14,0.017343632,0.010000,0.000000,0.000000,60856,1608
atax_i32,polybench_style,RISCV,15,0.016614494,0.010000,0.010000,0.000000,60800,1608
atax_i32,polybench_style,RISCV,16,0.015697701,0.010000,0.010000,0.000000,60344,1608
atax_i32,polybench_style,RISCV,17,0.016242689,0.010000,0.000000,0.000000,60728,1608
atax_i32,polybench_style,RISCV,18,0.017110865,0.010000,0.010000,0.000000,60600,1608
atax_i32,polybench_style,RISCV,19,0.019173958,0.010000,0.010000,0.000000,61112,1608
atax_i32,polybench_style,RISCV,20,0.016947059,0.010000,0.000000,0.000000,60604,1608
atax_i32,polybench_style,RISCV,21,0.018229820,0.010000,0.010000,0.000000,60736,1608
atax_i32,polybench_style,RISCV,22,0.018039357,0.010000,0.000000,0.000000,60604,1608
atax_i32,polybench_style,RISCV,23,0.016959310,0.010000,0.010000,0.000000,60416,1608
atax_i32,polybench_style,RISCV,24,0.015873675,0.010000,0.000000,0.010000,60600,1608
atax_i32,polybench_style,RISCV,25,0.016339317,0.010000,0.010000,0.000000,60600,1608
atax_i32,polybench_style,RISCV,26,0.016516487,0.010000,0.000000,0.010000,60476,1608
atax_i32,polybench_style,RISCV,27,0.017769804,0.010000,0.010000,0.000000,61312,1608
atax_i32,polybench_style,RISCV,28,0.017869345,0.010000,0.010000,0.000000,60476,1608
atax_i32,polybench_style,RISCV,29,0.017970531,0.010000,0.010000,0.000000,60416,1608
bicg_i32,polybench_style,YSX,0,0.014068465,0.010000,0.010000,0.000000,57236,1560
bicg_i32,polybench_style,YSX,1,0.013686038,0.010000,0.000000,0.000000,56856,1560
bicg_i32,polybench_style,YSX,2,0.013484888,0.010000,0.000000,0.010000,57108,1560
bicg_i32,polybench_style,YSX,3,0.014235433,0.010000,0.010000,0.000000,58004,1560
bicg_i32,polybench_style,YSX,4,0.013687352,0.010000,0.010000,0.000000,57236,1560
bicg_i32,polybench_style,YSX,5,0.014087394,0.010000,0.010000,0.000000,57748,1560
bicg_i32,polybench_style,YSX,6,0.015314164,0.010000,0.000000,0.010000,57108,1560
bicg_i32,polybench_style,YSX,7,0.013895572,0.010000,0.000000,0.000000,57364,1560
bicg_i32,polybench_style,YSX,8,0.013751202,0.010000,0.010000,0.000000,57360,1560
bicg_i32,polybench_style,YSX,9,0.016189915,0.010000,0.000000,0.000000,57104,1560
bicg_i32,polybench_style,YSX,10,0.014210278,0.010000,0.010000,0.000000,56976,1560
bicg_i32,polybench_style,YSX,11,0.013698382,0.010000,0.000000,0.010000,56976,1560
bicg_i32,polybench_style,YSX,12,0.014345105,0.010000,0.010000,0.000000,57236,1560
bicg_i32,polybench_style,YSX,13,0.013706342,0.010000,0.010000,0.000000,57240,1560
bicg_i32,polybench_style,YSX,14,0.014396504,0.010000,0.010000,0.000000,57228,1560
bicg_i32,polybench_style,YSX,15,0.013834455,0.010000,0.010000,0.000000,57300,1560
bicg_i32,polybench_style,YSX,16,0.014204835,0.010000,0.000000,0.000000,57232,1560
bicg_i32,polybench_style,YSX,17,0.013971001,0.010000,0.000000,0.000000,57236,1560
bicg_i32,polybench_style,YSX,18,0.013541570,0.010000,0.010000,0.000000,57748,1560
bicg_i32,polybench_style,YSX,19,0.013541907,0.010000,0.010000,0.000000,57620,1560
bicg_i32,polybench_style,YSX,20,0.013582157,0.010000,0.000000,0.010000,57104,1560
bicg_i32,polybench_style,YSX,21,0.014308747,0.010000,0.010000,0.000000,57240,1560
bicg_i32,polybench_style,YSX,22,0.013490614,0.010000,0.010000,0.000000,57236,1560
bicg_i32,polybench_style,YSX,23,0.013098229,0.010000,0.010000,0.000000,56984,1560
bicg_i32,polybench_style,YSX,24,0.014003922,0.010000,0.000000,0.000000,57236,1560
bicg_i32,polybench_style,YSX,25,0.014306863,0.010000,0.010000,0.000000,57616,1560
bicg_i32,polybench_style,YSX,26,0.014096005,0.010000,0.010000,0.000000,57876,1560
bicg_i32,polybench_style,YSX,27,0.017044572,0.010000,0.010000,0.000000,57876,1560
bicg_i32,polybench_style,YSX,28,0.014709724,0.010000,0.000000,0.010000,57232,1560
bicg_i32,polybench_style,YSX,29,0.022817921,0.020000,0.020000,0.000000,57236,1560
bicg_i32,polybench_style,RISCV,0,0.016682708,0.010000,0.000000,0.010000,60384,1600
bicg_i32,polybench_style,RISCV,1,0.016647799,0.010000,0.010000,0.000000,60800,1600
bicg_i32,polybench_style,RISCV,2,0.017094134,0.010000,0.000000,0.000000,60648,1600
bicg_i32,polybench_style,RISCV,3,0.017411892,0.010000,0.010000,0.000000,61312,1600
bicg_i32,polybench_style,RISCV,4,0.018507291,0.010000,0.010000,0.000000,60512,1600
bicg_i32,polybench_style,RISCV,5,0.019372447,0.010000,0.010000,0.000000,60772,1600
bicg_i32,polybench_style,RISCV,6,0.016289531,0.010000,0.010000,0.000000,60520,1600
bicg_i32,polybench_style,RISCV,7,0.015400676,0.010000,0.000000,0.000000,60768,1600
bicg_i32,polybench_style,RISCV,8,0.015919369,0.010000,0.010000,0.000000,61312,1600
bicg_i32,polybench_style,RISCV,9,0.015735151,0.010000,0.000000,0.000000,60256,1600
bicg_i32,polybench_style,RISCV,10,0.015817112,0.010000,0.010000,0.000000,60776,1600
bicg_i32,polybench_style,RISCV,11,0.015218607,0.010000,0.010000,0.000000,60800,1600
bicg_i32,polybench_style,RISCV,12,0.016283017,0.010000,0.010000,0.000000,60928,1600
bicg_i32,polybench_style,RISCV,13,0.015799282,0.010000,0.000000,0.010000,61024,1600
bicg_i32,polybench_style,RISCV,14,0.016969990,0.010000,0.010000,0.000000,61156,1600
bicg_i32,polybench_style,RISCV,15,0.017917364,0.010000,0.010000,0.000000,60672,1600
bicg_i32,polybench_style,RISCV,16,0.016301011,0.010000,0.000000,0.010000,60900,1600
bicg_i32,polybench_style,RISCV,17,0.014934177,0.010000,0.010000,0.000000,60652,1600
bicg_i32,polybench_style,RISCV,18,0.015923313,0.010000,0.000000,0.000000,60416,1600
bicg_i32,polybench_style,RISCV,19,0.016849184,0.010000,0.000000,0.000000,60800,1600
bicg_i32,polybench_style,RISCV,20,0.017779210,0.010000,0.000000,0.010000,60652,1600
bicg_i32,polybench_style,RISCV,21,0.017356859,0.010000,0.010000,0.000000,60336,1600
bicg_i32,polybench_style,RISCV,22,0.015279831,0.010000,0.010000,0.000000,60524,1600
bicg_i32,polybench_style,RISCV,23,0.014739519,0.010000,0.000000,0.000000,60520,1600
bicg_i32,polybench_style,RISCV,24,0.015544730,0.010000,0.000000,0.010000,60776,1600
bicg_i32,polybench_style,RISCV,25,0.015543837,0.010000,0.000000,0.000000,61280,1600
bicg_i32,polybench_style,RISCV,26,0.018988240,0.010000,0.000000,0.000000,60652,1600
bicg_i32,polybench_style,RISCV,27,0.017653777,0.010000,0.010000,0.000000,61024,1600
bicg_i32,polybench_style,RISCV,28,0.016586647,0.010000,0.010000,0.000000,60800,1600
bicg_i32,polybench_style,RISCV,29,0.017388776,0.010000,0.010000,0.000000,60644,1600
gemm_i32,polybench_style,YSX,0,0.014239176,0.010000,0.000000,0.010000,57224,1728
gemm_i32,polybench_style,YSX,1,0.015113368,0.010000,0.000000,0.000000,57236,1728
gemm_i32,polybench_style,YSX,2,0.015195876,0.010000,0.000000,0.010000,58000,1728
gemm_i32,polybench_style,YSX,3,0.013697515,0.010000,0.000000,0.000000,56852,1728
gemm_i32,polybench_style,YSX,4,0.014734911,0.010000,0.000000,0.010000,57740,1728
gemm_i32,polybench_style,YSX,5,0.014371168,0.010000,0.000000,0.000000,56968,1728
gemm_i32,polybench_style,YSX,6,0.014826592,0.010000,0.010000,0.000000,57740,1728
gemm_i32,polybench_style,YSX,7,0.015381341,0.010000,0.000000,0.000000,57736,1728
gemm_i32,polybench_style,YSX,8,0.018576914,0.010000,0.000000,0.000000,56968,1728
gemm_i32,polybench_style,YSX,9,0.014597371,0.010000,0.010000,0.000000,56952,1728
gemm_i32,polybench_style,YSX,10,0.014417949,0.010000,0.010000,0.000000,56976,1728
gemm_i32,polybench_style,YSX,11,0.014081572,0.010000,0.010000,0.000000,57228,1728
gemm_i32,polybench_style,YSX,12,0.013970187,0.010000,0.010000,0.000000,56980,1728
gemm_i32,polybench_style,YSX,13,0.014600876,0.010000,0.000000,0.000000,56840,1728
gemm_i32,polybench_style,YSX,14,0.014869907,0.010000,0.010000,0.000000,57224,1728
gemm_i32,polybench_style,YSX,15,0.015529980,0.010000,0.000000,0.000000,56836,1728
gemm_i32,polybench_style,YSX,16,0.014795651,0.010000,0.000000,0.010000,56840,1728
gemm_i32,polybench_style,YSX,17,0.016088722,0.010000,0.000000,0.000000,57620,1728
gemm_i32,polybench_style,YSX,18,0.015122349,0.010000,0.010000,0.000000,56968,1728
gemm_i32,polybench_style,YSX,19,0.014307333,0.010000,0.010000,0.000000,57356,1728
gemm_i32,polybench_style,YSX,20,0.013860312,0.010000,0.000000,0.000000,56852,1728
gemm_i32,polybench_style,YSX,21,0.013797118,0.010000,0.000000,0.000000,57736,1728
gemm_i32,polybench_style,YSX,22,0.013979047,0.010000,0.010000,0.000000,57488,1728
gemm_i32,polybench_style,YSX,23,0.014542838,0.010000,0.000000,0.010000,57096,1728
gemm_i32,polybench_style,YSX,24,0.015889340,0.010000,0.000000,0.000000,57224,1728
gemm_i32,polybench_style,YSX,25,0.017107550,0.010000,0.000000,0.000000,56964,1728
gemm_i32,polybench_style,YSX,26,0.015676339,0.010000,0.000000,0.010000,57604,1728
gemm_i32,polybench_style,YSX,27,0.013642383,0.010000,0.010000,0.000000,57224,1728
gemm_i32,polybench_style,YSX,28,0.014155074,0.010000,0.000000,0.010000,57608,1728
gemm_i32,polybench_style,YSX,29,0.013677335,0.010000,0.000000,0.000000,57736,1728
gemm_i32,polybench_style,RISCV,0,0.015484873,0.010000,0.000000,0.000000,60544,1768
gemm_i32,polybench_style,RISCV,1,0.016033389,0.010000,0.010000,0.000000,60544,1768
gemm_i32,polybench_style,RISCV,2,0.016369776,0.010000,0.010000,0.000000,61056,1768
gemm_i32,polybench_style,RISCV,3,0.016671273,0.010000,0.000000,0.000000,60256,1768
gemm_i32,polybench_style,RISCV,4,0.015930135,0.010000,0.010000,0.000000,60776,1768
gemm_i32,polybench_style,RISCV,5,0.016172472,0.010000,0.010000,0.000000,60928,1768
gemm_i32,polybench_style,RISCV,6,0.015300360,0.010000,0.000000,0.010000,60252,1768
gemm_i32,polybench_style,RISCV,7,0.015668294,0.010000,0.000000,0.000000,61032,1768
gemm_i32,polybench_style,RISCV,8,0.016025377,0.010000,0.000000,0.000000,60928,1768
gemm_i32,polybench_style,RISCV,9,0.016878899,0.010000,0.010000,0.000000,61056,1768
gemm_i32,polybench_style,RISCV,10,0.016569181,0.010000,0.010000,0.000000,61056,1768
gemm_i32,polybench_style,RISCV,11,0.016266701,0.010000,0.000000,0.000000,60288,1768
gemm_i32,polybench_style,RISCV,12,0.015710872,0.010000,0.010000,0.000000,60928,1768
gemm_i32,polybench_style,RISCV,13,0.017146706,0.010000,0.000000,0.000000,60672,1768
gemm_i32,polybench_style,RISCV,14,0.016180531,0.010000,0.000000,0.010000,60800,1768
gemm_i32,polybench_style,RISCV,15,0.015563204,0.010000,0.010000,0.000000,60544,1768
gemm_i32,polybench_style,RISCV,16,0.016625800,0.010000,0.000000,0.000000,60472,1768
gemm_i32,polybench_style,RISCV,17,0.015841867,0.010000,0.010000,0.000000,60928,1768
gemm_i32,polybench_style,RISCV,18,0.015256664,0.010000,0.000000,0.000000,60544,1768
gemm_i32,polybench_style,RISCV,19,0.015664890,0.010000,0.000000,0.010000,60544,1768
gemm_i32,polybench_style,RISCV,20,0.016222691,0.010000,0.010000,0.000000,60288,1768
gemm_i32,polybench_style,RISCV,21,0.016362621,0.010000,0.010000,0.000000,60416,1768
gemm_i32,polybench_style,RISCV,22,0.016540892,0.010000,0.010000,0.000000,61028,1768
gemm_i32,polybench_style,RISCV,23,0.015441184,0.010000,0.000000,0.000000,60800,1768
gemm_i32,polybench_style,RISCV,24,0.017878478,0.010000,0.000000,0.000000,60672,1768
gemm_i32,polybench_style,RISCV,25,0.016938780,0.010000,0.010000,0.000000,60544,1768
gemm_i32,polybench_style,RISCV,26,0.016778602,0.010000,0.010000,0.000000,60928,1768
gemm_i32,polybench_style,RISCV,27,0.017004012,0.010000,0.010000,0.000000,60544,1768
gemm_i32,polybench_style,RISCV,28,0.017127606,0.010000,0.000000,0.000000,60672,1768
gemm_i32,polybench_style,RISCV,29,0.017551394,0.010000,0.010000,0.000000,61056,1768
jacobi_1d_i32,polybench_style,YSX,0,0.014349162,0.010000,0.000000,0.010000,57216,1504
jacobi_1d_i32,polybench_style,YSX,1,0.014043197,0.010000,0.000000,0.010000,57216,1504
jacobi_1d_i32,polybench_style,YSX,2,0.014316331,0.010000,0.000000,0.000000,57216,1504
jacobi_1d_i32,polybench_style,YSX,3,0.015349254,0.010000,0.010000,0.000000,57344,1504
jacobi_1d_i32,polybench_style,YSX,4,0.018353422,0.010000,0.010000,0.000000,57216,1504
jacobi_1d_i32,polybench_style,YSX,5,0.015999715,0.010000,0.010000,0.000000,57600,1504
jacobi_1d_i32,polybench_style,YSX,6,0.014877474,0.010000,0.000000,0.010000,57344,1504
jacobi_1d_i32,polybench_style,YSX,7,0.014635333,0.010000,0.000000,0.000000,56960,1504
jacobi_1d_i32,polybench_style,YSX,8,0.015569968,0.010000,0.010000,0.000000,57600,1504
jacobi_1d_i32,polybench_style,YSX,9,0.017747432,0.010000,0.010000,0.000000,57472,1504
jacobi_1d_i32,polybench_style,YSX,10,0.016129078,0.010000,0.010000,0.000000,57344,1504
jacobi_1d_i32,polybench_style,YSX,11,0.014787488,0.010000,0.000000,0.010000,57344,1504
jacobi_1d_i32,polybench_style,YSX,12,0.014303070,0.010000,0.000000,0.000000,57216,1504
jacobi_1d_i32,polybench_style,YSX,13,0.015721789,0.010000,0.010000,0.000000,57216,1504
jacobi_1d_i32,polybench_style,YSX,14,0.016419109,0.010000,0.000000,0.000000,57600,1504
jacobi_1d_i32,polybench_style,YSX,15,0.014267264,0.010000,0.010000,0.000000,57344,1504
jacobi_1d_i32,polybench_style,YSX,16,0.013805522,0.010000,0.010000,0.000000,57600,1504
jacobi_1d_i32,polybench_style,YSX,17,0.013909620,0.010000,0.010000,0.000000,57344,1504
jacobi_1d_i32,polybench_style,YSX,18,0.014182108,0.010000,0.000000,0.000000,57344,1504
jacobi_1d_i32,polybench_style,YSX,19,0.013638937,0.010000,0.010000,0.000000,58240,1504
jacobi_1d_i32,polybench_style,YSX,20,0.014155135,0.010000,0.010000,0.000000,57856,1504
jacobi_1d_i32,polybench_style,YSX,21,0.014424126,0.010000,0.010000,0.000000,57216,1504
jacobi_1d_i32,polybench_style,YSX,22,0.017715352,0.010000,0.000000,0.000000,57344,1504
jacobi_1d_i32,polybench_style,YSX,23,0.015758803,0.010000,0.010000,0.000000,57600,1504
jacobi_1d_i32,polybench_style,YSX,24,0.014263087,0.010000,0.000000,0.000000,56936,1504
jacobi_1d_i32,polybench_style,YSX,25,0.013862913,0.010000,0.010000,0.000000,57600,1504
jacobi_1d_i32,polybench_style,YSX,26,0.015872463,0.010000,0.000000,0.010000,57856,1504
jacobi_1d_i32,polybench_style,YSX,27,0.017803326,0.010000,0.000000,0.010000,58240,1504
jacobi_1d_i32,polybench_style,YSX,28,0.015722139,0.010000,0.010000,0.000000,57088,1504
jacobi_1d_i32,polybench_style,YSX,29,0.015381879,0.010000,0.000000,0.010000,58112,1504
jacobi_1d_i32,polybench_style,RISCV,0,0.018219503,0.010000,0.000000,0.000000,60928,1544
jacobi_1d_i32,polybench_style,RISCV,1,0.019379183,0.010000,0.010000,0.000000,60672,1544
jacobi_1d_i32,polybench_style,RISCV,2,0.019577017,0.010000,0.010000,0.000000,60288,1544
jacobi_1d_i32,polybench_style,RISCV,3,0.019601537,0.010000,0.010000,0.000000,60800,1544
jacobi_1d_i32,polybench_style,RISCV,4,0.018757035,0.010000,0.010000,0.000000,60928,1544
jacobi_1d_i32,polybench_style,RISCV,5,0.017424795,0.010000,0.000000,0.000000,60672,1544
jacobi_1d_i32,polybench_style,RISCV,6,0.018065120,0.010000,0.010000,0.000000,60672,1544
jacobi_1d_i32,polybench_style,RISCV,7,0.017584953,0.010000,0.000000,0.010000,60416,1544
jacobi_1d_i32,polybench_style,RISCV,8,0.016502592,0.010000,0.010000,0.000000,60800,1544
jacobi_1d_i32,polybench_style,RISCV,9,0.019051097,0.010000,0.000000,0.000000,60928,1544
jacobi_1d_i32,polybench_style,RISCV,10,0.016554392,0.010000,0.000000,0.000000,60800,1544
jacobi_1d_i32,polybench_style,RISCV,11,0.015963133,0.010000,0.010000,0.000000,60672,1544
jacobi_1d_i32,polybench_style,RISCV,12,0.016795688,0.010000,0.010000,0.000000,60800,1544
jacobi_1d_i32,polybench_style,RISCV,13,0.015135922,0.010000,0.000000,0.000000,60672,1544
jacobi_1d_i32,polybench_style,RISCV,14,0.015762155,0.010000,0.000000,0.010000,61056,1544
jacobi_1d_i32,polybench_style,RISCV,15,0.021059303,0.020000,0.010000,0.010000,60800,1544
jacobi_1d_i32,polybench_style,RISCV,16,0.018708500,0.010000,0.000000,0.000000,60800,1544
jacobi_1d_i32,polybench_style,RISCV,17,0.016659736,0.010000,0.000000,0.000000,60672,1544
jacobi_1d_i32,polybench_style,RISCV,18,0.017324387,0.010000,0.000000,0.000000,60928,1544
jacobi_1d_i32,polybench_style,RISCV,19,0.019057878,0.010000,0.000000,0.010000,60288,1544
jacobi_1d_i32,polybench_style,RISCV,20,0.017078535,0.010000,0.010000,0.000000,60928,1544
jacobi_1d_i32,polybench_style,RISCV,21,0.016406961,0.010000,0.010000,0.000000,61056,1544
jacobi_1d_i32,polybench_style,RISCV,22,0.016192517,0.010000,0.000000,0.000000,60416,1544
jacobi_1d_i32,polybench_style,RISCV,23,0.019039773,0.010000,0.000000,0.000000,60800,1544
jacobi_1d_i32,polybench_style,RISCV,24,0.017483622,0.010000,0.000000,0.010000,60800,1544
jacobi_1d_i32,polybench_style,RISCV,25,0.015902092,0.010000,0.000000,0.000000,60800,1544
jacobi_1d_i32,polybench_style,RISCV,26,0.015194976,0.010000,0.010000,0.000000,60728,1544
jacobi_1d_i32,polybench_style,RISCV,27,0.015991550,0.010000,0.010000,0.000000,60416,1544
jacobi_1d_i32,polybench_style,RISCV,28,0.015553998,0.010000,0.000000,0.000000,60728,1544
jacobi_1d_i32,polybench_style,RISCV,29,0.016356606,0.010000,0.010000,0.000000,60800,1544
seidel_2d_i32,polybench_style,YSX,0,0.018418620,0.010000,0.010000,0.000000,57036,1720
seidel_2d_i32,polybench_style,YSX,1,0.016956413,0.010000,0.010000,0.000000,57928,1720
seidel_2d_i32,polybench_style,YSX,2,0.018872212,0.010000,0.010000,0.000000,56652,1720
seidel_2d_i32,polybench_style,YSX,3,0.019485708,0.010000,0.010000,0.000000,57168,1720
seidel_2d_i32,polybench_style,YSX,4,0.019901765,0.010000,0.010000,0.000000,57160,1720
seidel_2d_i32,polybench_style,YSX,5,0.017774664,0.010000,0.010000,0.000000,57672,1720
seidel_2d_i32,polybench_style,YSX,6,0.015906636,0.010000,0.010000,0.000000,57552,1720
seidel_2d_i32,polybench_style,YSX,7,0.016359953,0.010000,0.010000,0.000000,56656,1720
seidel_2d_i32,polybench_style,YSX,8,0.016495894,0.010000,0.000000,0.000000,57932,1720
seidel_2d_i32,polybench_style,YSX,9,0.018739597,0.010000,0.010000,0.000000,57156,1720
seidel_2d_i32,polybench_style,YSX,10,0.018052110,0.010000,0.000000,0.000000,56780,1720
seidel_2d_i32,polybench_style,YSX,11,0.016658981,0.010000,0.000000,0.010000,57548,1720
seidel_2d_i32,polybench_style,YSX,12,0.016536306,0.010000,0.010000,0.000000,57540,1720
seidel_2d_i32,polybench_style,YSX,13,0.018416882,0.010000,0.000000,0.010000,57676,1720
seidel_2d_i32,polybench_style,YSX,14,0.017988447,0.010000,0.010000,0.000000,56784,1720
seidel_2d_i32,polybench_style,YSX,15,0.017134155,0.010000,0.000000,0.000000,57032,1720
seidel_2d_i32,polybench_style,YSX,16,0.016721999,0.010000,0.000000,0.000000,57548,1720
seidel_2d_i32,polybench_style,YSX,17,0.017744048,0.010000,0.000000,0.010000,57032,1720
seidel_2d_i32,polybench_style,YSX,18,0.021052138,0.010000,0.000000,0.000000,57932,1720
seidel_2d_i32,polybench_style,YSX,19,0.020226109,0.010000,0.010000,0.000000,57932,1720
seidel_2d_i32,polybench_style,YSX,20,0.019477383,0.010000,0.010000,0.000000,57028,1720
seidel_2d_i32,polybench_style,YSX,21,0.020067469,0.010000,0.010000,0.000000,56904,1720
seidel_2d_i32,polybench_style,YSX,22,0.018331523,0.010000,0.000000,0.010000,56936,1720
seidel_2d_i32,polybench_style,YSX,23,0.016885257,0.010000,0.010000,0.000000,57920,1720
seidel_2d_i32,polybench_style,YSX,24,0.019589829,0.010000,0.000000,0.000000,57680,1720
seidel_2d_i32,polybench_style,YSX,25,0.020884820,0.010000,0.000000,0.000000,56912,1720
seidel_2d_i32,polybench_style,YSX,26,0.018307439,0.010000,0.000000,0.000000,56776,1720
seidel_2d_i32,polybench_style,YSX,27,0.016495369,0.010000,0.000000,0.000000,57032,1720
seidel_2d_i32,polybench_style,YSX,28,0.018213700,0.010000,0.000000,0.000000,57548,1720
seidel_2d_i32,polybench_style,YSX,29,0.018889298,0.010000,0.000000,0.000000,57552,1720
seidel_2d_i32,polybench_style,RISCV,0,0.020480917,0.010000,0.010000,0.000000,60996,1792
seidel_2d_i32,polybench_style,RISCV,1,0.023646270,0.020000,0.000000,0.010000,61004,1792
seidel_2d_i32,polybench_style,RISCV,2,0.024558541,0.020000,0.010000,0.010000,60544,1792
seidel_2d_i32,polybench_style,RISCV,3,0.021920575,0.020000,0.010000,0.010000,60360,1792
seidel_2d_i32,polybench_style,RISCV,4,0.019874366,0.010000,0.000000,0.000000,60584,1792
seidel_2d_i32,polybench_style,RISCV,5,0.018826092,0.010000,0.000000,0.000000,60740,1792
seidel_2d_i32,polybench_style,RISCV,6,0.019930450,0.010000,0.000000,0.000000,60612,1792
seidel_2d_i32,polybench_style,RISCV,7,0.019501569,0.010000,0.000000,0.000000,60616,1792
seidel_2d_i32,polybench_style,RISCV,8,0.020926084,0.010000,0.000000,0.000000,60740,1792
seidel_2d_i32,polybench_style,RISCV,9,0.020411709,0.010000,0.010000,0.000000,60620,1792
seidel_2d_i32,polybench_style,RISCV,10,0.020064656,0.010000,0.000000,0.000000,60488,1792
seidel_2d_i32,polybench_style,RISCV,11,0.020256146,0.010000,0.010000,0.000000,60744,1792
seidel_2d_i32,polybench_style,RISCV,12,0.020318669,0.010000,0.000000,0.000000,60612,1792
seidel_2d_i32,polybench_style,RISCV,13,0.021607974,0.010000,0.000000,0.000000,60484,1792
seidel_2d_i32,polybench_style,RISCV,14,0.018796805,0.010000,0.010000,0.000000,60996,1792
seidel_2d_i32,polybench_style,RISCV,15,0.018538108,0.010000,0.010000,0.000000,60748,1792
seidel_2d_i32,polybench_style,RISCV,16,0.020053509,0.010000,0.010000,0.000000,61260,1792
seidel_2d_i32,polybench_style,RISCV,17,0.022590578,0.020000,0.000000,0.010000,60616,1792
seidel_2d_i32,polybench_style,RISCV,18,0.023809990,0.020000,0.010000,0.010000,61000,1792
seidel_2d_i32,polybench_style,RISCV,19,0.023099660,0.020000,0.020000,0.000000,61000,1792
seidel_2d_i32,polybench_style,RISCV,20,0.023078510,0.020000,0.010000,0.000000,60360,1792
seidel_2d_i32,polybench_style,RISCV,21,0.020425041,0.010000,0.010000,0.000000,60872,1792
seidel_2d_i32,polybench_style,RISCV,22,0.019645924,0.010000,0.010000,0.000000,60996,1792
seidel_2d_i32,polybench_style,RISCV,23,0.022782078,0.020000,0.010000,0.000000,60616,1792
seidel_2d_i32,polybench_style,RISCV,24,0.021006246,0.010000,0.000000,0.000000,60616,1792
seidel_2d_i32,polybench_style,RISCV,25,0.020104738,0.010000,0.000000,0.000000,60996,1792
seidel_2d_i32,polybench_style,RISCV,26,0.020265272,0.010000,0.010000,0.000000,60744,1792
seidel_2d_i32,polybench_style,RISCV,27,0.019650614,0.010000,0.000000,0.000000,60616,1792
seidel_2d_i32,polybench_style,RISCV,28,0.018646947,0.010000,0.010000,0.000000,60868,1792
seidel_2d_i32,polybench_style,RISCV,29,0.019139254,0.010000,0.010000,0.000000,60492,1792
floyd_warshall_i32,polybench_style,YSX,0,0.013966307,0.010000,0.000000,0.000000,57072,1744
floyd_warshall_i32,polybench_style,YSX,1,0.014597576,0.010000,0.010000,0.000000,57592,1744
floyd_warshall_i32,polybench_style,YSX,2,0.015555959,0.010000,0.010000,0.000000,57212,1744
floyd_warshall_i32,polybench_style,YSX,3,0.013242973,0.010000,0.010000,0.000000,57076,1744
floyd_warshall_i32,polybench_style,YSX,4,0.013113589,0.010000,0.010000,0.000000,57208,1744
floyd_warshall_i32,polybench_style,YSX,5,0.013482806,0.010000,0.000000,0.000000,57332,1744
floyd_warshall_i32,polybench_style,YSX,6,0.014838160,0.010000,0.010000,0.000000,57584,1744
floyd_warshall_i32,polybench_style,YSX,7,0.016623204,0.010000,0.000000,0.000000,57712,1744
floyd_warshall_i32,polybench_style,YSX,8,0.013467482,0.010000,0.000000,0.010000,57076,1744
floyd_warshall_i32,polybench_style,YSX,9,0.013944299,0.010000,0.000000,0.000000,57972,1744
floyd_warshall_i32,polybench_style,YSX,10,0.014103908,0.010000,0.010000,0.000000,57072,1744
floyd_warshall_i32,polybench_style,YSX,11,0.016338208,0.010000,0.000000,0.000000,57076,1744
floyd_warshall_i32,polybench_style,YSX,12,0.014974944,0.010000,0.010000,0.000000,57080,1744
floyd_warshall_i32,polybench_style,YSX,13,0.013926860,0.010000,0.000000,0.010000,57592,1744
floyd_warshall_i32,polybench_style,YSX,14,0.012980354,0.010000,0.010000,0.000000,57968,1744
floyd_warshall_i32,polybench_style,YSX,15,0.014360230,0.010000,0.000000,0.010000,57080,1744
floyd_warshall_i32,polybench_style,YSX,16,0.013755636,0.010000,0.010000,0.000000,57584,1744
floyd_warshall_i32,polybench_style,YSX,17,0.013322714,0.010000,0.010000,0.000000,57468,1744
floyd_warshall_i32,polybench_style,YSX,18,0.014756953,0.010000,0.000000,0.000000,57468,1744
floyd_warshall_i32,polybench_style,YSX,19,0.014153683,0.010000,0.010000,0.000000,57196,1744
floyd_warshall_i32,polybench_style,YSX,20,0.014799082,0.010000,0.000000,0.000000,57076,1744
floyd_warshall_i32,polybench_style,YSX,21,0.014541738,0.010000,0.010000,0.000000,57328,1744
floyd_warshall_i32,polybench_style,YSX,22,0.020035372,0.010000,0.010000,0.000000,57080,1744
floyd_warshall_i32,polybench_style,YSX,23,0.016856296,0.010000,0.000000,0.000000,57068,1744
floyd_warshall_i32,polybench_style,YSX,24,0.019036757,0.010000,0.000000,0.010000,57196,1744
floyd_warshall_i32,polybench_style,YSX,25,0.017731039,0.010000,0.010000,0.000000,57068,1744
floyd_warshall_i32,polybench_style,YSX,26,0.015084539,0.010000,0.010000,0.000000,56816,1744
floyd_warshall_i32,polybench_style,YSX,27,0.013873297,0.010000,0.010000,0.000000,56812,1744
floyd_warshall_i32,polybench_style,YSX,28,0.014654323,0.010000,0.010000,0.000000,57328,1744
floyd_warshall_i32,polybench_style,YSX,29,0.013894523,0.010000,0.010000,0.000000,57712,1744
floyd_warshall_i32,polybench_style,RISCV,0,0.017076564,0.010000,0.000000,0.000000,60920,1784
floyd_warshall_i32,polybench_style,RISCV,1,0.017307700,0.010000,0.000000,0.000000,60412,1784
floyd_warshall_i32,polybench_style,RISCV,2,0.015736848,0.010000,0.000000,0.000000,60012,1784
floyd_warshall_i32,polybench_style,RISCV,3,0.016197069,0.010000,0.010000,0.000000,60528,1784
floyd_warshall_i32,polybench_style,RISCV,4,0.018098059,0.010000,0.010000,0.000000,60924,1784
floyd_warshall_i32,polybench_style,RISCV,5,0.019560356,0.010000,0.000000,0.000000,60404,1784
floyd_warshall_i32,polybench_style,RISCV,6,0.017252139,0.010000,0.000000,0.010000,60528,1784
floyd_warshall_i32,polybench_style,RISCV,7,0.015210716,0.010000,0.010000,0.000000,60272,1784
floyd_warshall_i32,polybench_style,RISCV,8,0.014732260,0.010000,0.010000,0.000000,60660,1784
floyd_warshall_i32,polybench_style,RISCV,9,0.015318386,0.010000,0.000000,0.010000,60272,1784
floyd_warshall_i32,polybench_style,RISCV,10,0.015367390,0.010000,0.010000,0.000000,60660,1784
floyd_warshall_i32,polybench_style,RISCV,11,0.016464800,0.010000,0.010000,0.000000,60528,1784
floyd_warshall_i32,polybench_style,RISCV,12,0.016685197,0.010000,0.010000,0.000000,60148,1784
floyd_warshall_i32,polybench_style,RISCV,13,0.017156772,0.010000,0.000000,0.000000,60912,1784
floyd_warshall_i32,polybench_style,RISCV,14,0.015698047,0.010000,0.000000,0.000000,60920,1784
floyd_warshall_i32,polybench_style,RISCV,15,0.014961972,0.010000,0.010000,0.000000,60528,1784
floyd_warshall_i32,polybench_style,RISCV,16,0.015405399,0.010000,0.000000,0.000000,60532,1784
floyd_warshall_i32,polybench_style,RISCV,17,0.014728318,0.010000,0.010000,0.000000,60532,1784
floyd_warshall_i32,polybench_style,RISCV,18,0.017193406,0.010000,0.000000,0.000000,60408,1784
floyd_warshall_i32,polybench_style,RISCV,19,0.016775782,0.010000,0.000000,0.000000,60664,1784
floyd_warshall_i32,polybench_style,RISCV,20,0.015569287,0.010000,0.010000,0.000000,60404,1784
floyd_warshall_i32,polybench_style,RISCV,21,0.017617311,0.010000,0.000000,0.000000,60408,1784
floyd_warshall_i32,polybench_style,RISCV,22,0.018962842,0.010000,0.000000,0.010000,61172,1784
floyd_warshall_i32,polybench_style,RISCV,23,0.018593986,0.010000,0.000000,0.000000,61176,1784
floyd_warshall_i32,polybench_style,RISCV,24,0.017368495,0.010000,0.000000,0.000000,60920,1784
floyd_warshall_i32,polybench_style,RISCV,25,0.015466588,0.010000,0.010000,0.000000,60280,1784
floyd_warshall_i32,polybench_style,RISCV,26,0.016442900,0.010000,0.010000,0.000000,60920,1784
floyd_warshall_i32,polybench_style,RISCV,27,0.016302283,0.010000,0.010000,0.000000,60788,1784
floyd_warshall_i32,polybench_style,RISCV,28,0.014797740,0.010000,0.010000,0.000000,60660,1784
floyd_warshall_i32,polybench_style,RISCV,29,0.014934183,0.010000,0.010000,0.000000,60664,1784
convolution2d_i32,polybench_style,YSX,0,0.025063093,0.020000,0.000000,0.010000,57620,1816
convolution2d_i32,polybench_style,YSX,1,0.022362498,0.020000,0.020000,0.000000,58000,1816
convolution2d_i32,polybench_style,YSX,2,0.020194857,0.010000,0.000000,0.000000,57620,1816
convolution2d_i32,polybench_style,YSX,3,0.020743301,0.010000,0.000000,0.000000,57996,1816
convolution2d_i32,polybench_style,YSX,4,0.020610507,0.010000,0.000000,0.000000,58260,1816
convolution2d_i32,polybench_style,YSX,5,0.021541830,0.020000,0.010000,0.010000,57624,1816
convolution2d_i32,polybench_style,YSX,6,0.020392609,0.010000,0.010000,0.000000,58272,1816
convolution2d_i32,polybench_style,YSX,7,0.020942515,0.010000,0.010000,0.000000,58004,1816
convolution2d_i32,polybench_style,YSX,8,0.020173621,0.010000,0.010000,0.000000,57492,1816
convolution2d_i32,polybench_style,YSX,9,0.020845736,0.010000,0.000000,0.000000,57876,1816
convolution2d_i32,polybench_style,YSX,10,0.021622126,0.020000,0.020000,0.000000,58012,1816
convolution2d_i32,polybench_style,YSX,11,0.022649417,0.020000,0.010000,0.000000,57876,1816
convolution2d_i32,polybench_style,YSX,12,0.022576203,0.020000,0.020000,0.000000,58260,1816
convolution2d_i32,polybench_style,YSX,13,0.020294958,0.010000,0.010000,0.000000,57752,1816
convolution2d_i32,polybench_style,YSX,14,0.021537994,0.020000,0.000000,0.010000,57376,1816
convolution2d_i32,polybench_style,YSX,15,0.022160176,0.020000,0.020000,0.000000,58140,1816
convolution2d_i32,polybench_style,YSX,16,0.021940170,0.020000,0.020000,0.000000,58004,1816
convolution2d_i32,polybench_style,YSX,17,0.022282573,0.020000,0.010000,0.010000,57624,1816
convolution2d_i32,polybench_style,YSX,18,0.021994630,0.020000,0.020000,0.000000,58004,1816
convolution2d_i32,polybench_style,YSX,19,0.021951688,0.020000,0.010000,0.010000,58516,1816
convolution2d_i32,polybench_style,YSX,20,0.023142581,0.020000,0.010000,0.000000,58268,1816
convolution2d_i32,polybench_style,YSX,21,0.023659439,0.020000,0.010000,0.010000,57704,1816
convolution2d_i32,polybench_style,YSX,22,0.021878278,0.020000,0.000000,0.010000,57492,1816
convolution2d_i32,polybench_style,YSX,23,0.025789208,0.020000,0.020000,0.000000,57880,1816
convolution2d_i32,polybench_style,YSX,24,0.022176862,0.020000,0.010000,0.010000,58520,1816
convolution2d_i32,polybench_style,YSX,25,0.021736125,0.020000,0.000000,0.000000,58008,1816
convolution2d_i32,polybench_style,YSX,26,0.019995398,0.010000,0.000000,0.000000,58008,1816
convolution2d_i32,polybench_style,YSX,27,0.020420716,0.010000,0.000000,0.000000,58136,1816
convolution2d_i32,polybench_style,YSX,28,0.023996312,0.020000,0.020000,0.000000,58004,1816
convolution2d_i32,polybench_style,YSX,29,0.025174823,0.020000,0.000000,0.010000,58264,1816
convolution2d_i32,polybench_style,RISCV,0,0.026509312,0.020000,0.000000,0.010000,61036,1856
convolution2d_i32,polybench_style,RISCV,1,0.022566344,0.020000,0.010000,0.010000,60516,1856
convolution2d_i32,polybench_style,RISCV,2,0.028237432,0.020000,0.010000,0.000000,60652,1856
convolution2d_i32,polybench_style,RISCV,3,0.024632649,0.020000,0.000000,0.010000,60908,1856
convolution2d_i32,polybench_style,RISCV,4,0.022074135,0.020000,0.020000,0.000000,60652,1856
convolution2d_i32,polybench_style,RISCV,5,0.020474877,0.010000,0.000000,0.000000,60272,1856
convolution2d_i32,polybench_style,RISCV,6,0.021471653,0.020000,0.020000,0.000000,60788,1856
convolution2d_i32,polybench_style,RISCV,7,0.020752423,0.010000,0.000000,0.000000,60652,1856
convolution2d_i32,polybench_style,RISCV,8,0.021945779,0.020000,0.010000,0.010000,60648,1856
convolution2d_i32,polybench_style,RISCV,9,0.021872562,0.020000,0.010000,0.010000,61156,1856
convolution2d_i32,polybench_style,RISCV,10,0.021586712,0.020000,0.010000,0.010000,60388,1856
convolution2d_i32,polybench_style,RISCV,11,0.021091717,0.020000,0.010000,0.000000,60648,1856
convolution2d_i32,polybench_style,RISCV,12,0.022256166,0.020000,0.020000,0.000000,61168,1856
convolution2d_i32,polybench_style,RISCV,13,0.022991314,0.020000,0.010000,0.010000,60464,1856
convolution2d_i32,polybench_style,RISCV,14,0.021518184,0.020000,0.000000,0.010000,61156,1856
convolution2d_i32,polybench_style,RISCV,15,0.021817949,0.020000,0.020000,0.000000,61164,1856
convolution2d_i32,polybench_style,RISCV,16,0.021253452,0.020000,0.020000,0.000000,60392,1856
convolution2d_i32,polybench_style,RISCV,17,0.021663956,0.020000,0.010000,0.010000,60652,1856
convolution2d_i32,polybench_style,RISCV,18,0.023062884,0.020000,0.020000,0.000000,60904,1856
convolution2d_i32,polybench_style,RISCV,19,0.021912814,0.020000,0.000000,0.010000,60260,1856
convolution2d_i32,polybench_style,RISCV,20,0.020779335,0.010000,0.010000,0.000000,61164,1856
convolution2d_i32,polybench_style,RISCV,21,0.021883295,0.020000,0.020000,0.000000,61036,1856
convolution2d_i32,polybench_style,RISCV,22,0.025282359,0.020000,0.020000,0.000000,60648,1856
convolution2d_i32,polybench_style,RISCV,23,0.024712843,0.020000,0.010000,0.010000,60908,1856
convolution2d_i32,polybench_style,RISCV,24,0.020786497,0.010000,0.000000,0.000000,60652,1856
convolution2d_i32,polybench_style,RISCV,25,0.028917889,0.020000,0.020000,0.000000,60908,1856
convolution2d_i32,polybench_style,RISCV,26,0.029269232,0.020000,0.010000,0.000000,60780,1856
convolution2d_i32,polybench_style,RISCV,27,0.026336078,0.020000,0.010000,0.010000,60780,1856
convolution2d_i32,polybench_style,RISCV,28,0.024058011,0.020000,0.020000,0.000000,60800,1856
convolution2d_i32,polybench_style,RISCV,29,0.025192575,0.020000,0.000000,0.000000,60912,1856
doitgen_i32,polybench_style,YSX,0,0.018440515,0.010000,0.010000,0.000000,57776,1808
doitgen_i32,polybench_style,YSX,1,0.016714332,0.010000,0.010000,0.000000,57776,1808
doitgen_i32,polybench_style,YSX,2,0.018052834,0.010000,0.010000,0.000000,57648,1808
doitgen_i32,polybench_style,YSX,3,0.018760376,0.010000,0.000000,0.000000,57012,1808
doitgen_i32,polybench_style,YSX,4,0.016514451,0.010000,0.000000,0.010000,57756,1808
doitgen_i32,polybench_style,YSX,5,0.016282584,0.010000,0.000000,0.000000,57904,1808
doitgen_i32,polybench_style,YSX,6,0.017770341,0.010000,0.010000,0.000000,57648,1808
doitgen_i32,polybench_style,YSX,7,0.017527107,0.010000,0.000000,0.000000,57268,1808
doitgen_i32,polybench_style,YSX,8,0.015837202,0.010000,0.000000,0.000000,57776,1808
doitgen_i32,polybench_style,YSX,9,0.015229647,0.010000,0.010000,0.000000,57392,1808
doitgen_i32,polybench_style,YSX,10,0.015947888,0.010000,0.000000,0.000000,56972,1808
doitgen_i32,polybench_style,YSX,11,0.015361225,0.010000,0.010000,0.000000,57012,1808
doitgen_i32,polybench_style,YSX,12,0.016134536,0.010000,0.000000,0.000000,57268,1808
doitgen_i32,polybench_style,YSX,13,0.016235844,0.010000,0.000000,0.010000,57260,1808
doitgen_i32,polybench_style,YSX,14,0.016819598,0.010000,0.010000,0.000000,57132,1808
doitgen_i32,polybench_style,YSX,15,0.016681920,0.010000,0.000000,0.000000,56884,1808
doitgen_i32,polybench_style,YSX,16,0.015610639,0.010000,0.000000,0.010000,57144,1808
doitgen_i32,polybench_style,YSX,17,0.015029900,0.010000,0.010000,0.000000,57268,1808
doitgen_i32,polybench_style,YSX,18,0.015683443,0.010000,0.000000,0.000000,57264,1808
doitgen_i32,polybench_style,YSX,19,0.017313397,0.010000,0.010000,0.000000,57136,1808
doitgen_i32,polybench_style,YSX,20,0.016692448,0.010000,0.000000,0.000000,57260,1808
doitgen_i32,polybench_style,YSX,21,0.017139169,0.010000,0.000000,0.000000,57008,1808
doitgen_i32,polybench_style,YSX,22,0.017634874,0.010000,0.000000,0.000000,57108,1808
doitgen_i32,polybench_style,YSX,23,0.015207476,0.010000,0.010000,0.000000,57260,1808
doitgen_i32,polybench_style,YSX,24,0.015766148,0.010000,0.010000,0.000000,57008,1808
doitgen_i32,polybench_style,YSX,25,0.016420587,0.010000,0.010000,0.000000,57648,1808
doitgen_i32,polybench_style,YSX,26,0.016796270,0.010000,0.010000,0.000000,57396,1808
doitgen_i32,polybench_style,YSX,27,0.015655587,0.010000,0.000000,0.000000,57144,1808
doitgen_i32,polybench_style,YSX,28,0.016512406,0.010000,0.000000,0.010000,57396,1808
doitgen_i32,polybench_style,YSX,29,0.015813666,0.010000,0.000000,0.000000,57392,1808
doitgen_i32,polybench_style,RISCV,0,0.016966898,0.010000,0.010000,0.000000,60604,1848
doitgen_i32,polybench_style,RISCV,1,0.019368588,0.010000,0.010000,0.000000,60472,1848
doitgen_i32,polybench_style,RISCV,2,0.018062617,0.010000,0.000000,0.000000,60920,1848
doitgen_i32,polybench_style,RISCV,3,0.017611858,0.010000,0.000000,0.000000,60408,1848
doitgen_i32,polybench_style,RISCV,4,0.016858662,0.010000,0.010000,0.000000,61164,1848
doitgen_i32,polybench_style,RISCV,5,0.016653084,0.010000,0.010000,0.000000,60988,1848
doitgen_i32,polybench_style,RISCV,6,0.017034629,0.010000,0.000000,0.000000,60732,1848
doitgen_i32,polybench_style,RISCV,7,0.018190471,0.010000,0.000000,0.000000,60860,1848
doitgen_i32,polybench_style,RISCV,8,0.019763707,0.010000,0.010000,0.000000,60792,1848
doitgen_i32,polybench_style,RISCV,9,0.018268686,0.010000,0.000000,0.000000,61240,1848
doitgen_i32,polybench_style,RISCV,10,0.019262746,0.010000,0.000000,0.000000,60604,1848
doitgen_i32,polybench_style,RISCV,11,0.018388909,0.010000,0.000000,0.000000,60732,1848
doitgen_i32,polybench_style,RISCV,12,0.017400567,0.010000,0.010000,0.000000,60848,1848
doitgen_i32,polybench_style,RISCV,13,0.017214593,0.010000,0.000000,0.000000,60472,1848
doitgen_i32,polybench_style,RISCV,14,0.018509848,0.010000,0.010000,0.000000,61116,1848
doitgen_i32,polybench_style,RISCV,15,0.022678385,0.020000,0.020000,0.000000,61116,1848
doitgen_i32,polybench_style,RISCV,16,0.022768493,0.020000,0.020000,0.000000,60792,1848
doitgen_i32,polybench_style,RISCV,17,0.020785256,0.010000,0.000000,0.000000,61112,1848
doitgen_i32,polybench_style,RISCV,18,0.018896750,0.010000,0.010000,0.000000,60856,1848
doitgen_i32,polybench_style,RISCV,19,0.020155247,0.010000,0.010000,0.000000,61116,1848
doitgen_i32,polybench_style,RISCV,20,0.019883209,0.010000,0.000000,0.010000,60604,1848
doitgen_i32,polybench_style,RISCV,21,0.017834552,0.010000,0.010000,0.000000,60464,1848
doitgen_i32,polybench_style,RISCV,22,0.023055428,0.020000,0.000000,0.010000,60348,1848
doitgen_i32,polybench_style,RISCV,23,0.019931692,0.010000,0.000000,0.010000,60984,1848
doitgen_i32,polybench_style,RISCV,24,0.019103509,0.010000,0.000000,0.000000,60732,1848
doitgen_i32,polybench_style,RISCV,25,0.018692573,0.010000,0.010000,0.000000,61240,1848
doitgen_i32,polybench_style,RISCV,26,0.017084285,0.010000,0.010000,0.000000,60732,1848
doitgen_i32,polybench_style,RISCV,27,0.019303715,0.010000,0.000000,0.000000,61112,1848
doitgen_i32,polybench_style,RISCV,28,0.019110464,0.010000,0.000000,0.000000,60788,1848
doitgen_i32,polybench_style,RISCV,29,0.019184348,0.010000,0.010000,0.000000,60860,1848
mvt_i32,polybench_style,YSX,0,0.013886399,0.010000,0.000000,0.010000,57344,1408
mvt_i32,polybench_style,YSX,1,0.013951183,0.010000,0.010000,0.000000,57344,1408
mvt_i32,polybench_style,YSX,2,0.015994219,0.010000,0.000000,0.010000,57472,1408
mvt_i32,polybench_style,YSX,3,0.015601740,0.010000,0.010000,0.000000,57472,1408
mvt_i32,polybench_style,YSX,4,0.014210590,0.010000,0.000000,0.000000,57984,1408
mvt_i32,polybench_style,YSX,5,0.014685808,0.010000,0.010000,0.000000,57472,1408
mvt_i32,polybench_style,YSX,6,0.016029238,0.010000,0.000000,0.000000,57216,1408
mvt_i32,polybench_style,YSX,7,0.014330347,0.010000,0.010000,0.000000,57984,1408
mvt_i32,polybench_style,YSX,8,0.014735547,0.010000,0.010000,0.000000,58240,1408
mvt_i32,polybench_style,YSX,9,0.014343900,0.010000,0.010000,0.000000,57984,1408
mvt_i32,polybench_style,YSX,10,0.014814764,0.010000,0.000000,0.000000,57984,1408
mvt_i32,polybench_style,YSX,11,0.015635988,0.010000,0.010000,0.000000,57344,1408
mvt_i32,polybench_style,YSX,12,0.013870481,0.010000,0.000000,0.000000,57984,1408
mvt_i32,polybench_style,YSX,13,0.014187873,0.010000,0.010000,0.000000,57216,1408
mvt_i32,polybench_style,YSX,14,0.014646635,0.010000,0.000000,0.010000,57216,1408
mvt_i32,polybench_style,YSX,15,0.014528378,0.010000,0.010000,0.000000,57600,1408
mvt_i32,polybench_style,YSX,16,0.014869046,0.010000,0.010000,0.000000,57216,1408
mvt_i32,polybench_style,YSX,17,0.016189199,0.010000,0.010000,0.000000,57984,1408
mvt_i32,polybench_style,YSX,18,0.015717534,0.010000,0.000000,0.000000,57472,1408
mvt_i32,polybench_style,YSX,19,0.013642845,0.010000,0.010000,0.000000,57600,1408
mvt_i32,polybench_style,YSX,20,0.014786554,0.010000,0.000000,0.000000,57088,1408
mvt_i32,polybench_style,YSX,21,0.014094358,0.010000,0.010000,0.000000,57088,1408
mvt_i32,polybench_style,YSX,22,0.014274082,0.010000,0.000000,0.010000,57216,1408
mvt_i32,polybench_style,YSX,23,0.014062893,0.010000,0.010000,0.000000,57216,1408
mvt_i32,polybench_style,YSX,24,0.015048947,0.010000,0.010000,0.000000,57036,1408
mvt_i32,polybench_style,YSX,25,0.014769298,0.010000,0.000000,0.000000,57472,1408
mvt_i32,polybench_style,YSX,26,0.013998018,0.010000,0.000000,0.010000,57856,1408
mvt_i32,polybench_style,YSX,27,0.013694690,0.010000,0.000000,0.000000,57344,1408
mvt_i32,polybench_style,YSX,28,0.013729388,0.010000,0.010000,0.000000,57216,1408
mvt_i32,polybench_style,YSX,29,0.015564426,0.010000,0.000000,0.010000,57856,1408
mvt_i32,polybench_style,RISCV,0,0.015385997,0.010000,0.000000,0.000000,61312,1448
mvt_i32,polybench_style,RISCV,1,0.015933497,0.010000,0.000000,0.010000,60672,1448
mvt_i32,polybench_style,RISCV,2,0.016825827,0.010000,0.010000,0.000000,60288,1448
mvt_i32,polybench_style,RISCV,3,0.018202249,0.010000,0.000000,0.000000,60672,1448
mvt_i32,polybench_style,RISCV,4,0.017748939,0.010000,0.000000,0.010000,60800,1448
mvt_i32,polybench_style,RISCV,5,0.016973929,0.010000,0.010000,0.000000,61056,1448
mvt_i32,polybench_style,RISCV,6,0.016884852,0.010000,0.010000,0.000000,60672,1448
mvt_i32,polybench_style,RISCV,7,0.017053816,0.010000,0.000000,0.000000,60800,1448
mvt_i32,polybench_style,RISCV,8,0.017824051,0.010000,0.000000,0.010000,60544,1448
mvt_i32,polybench_style,RISCV,9,0.015738755,0.010000,0.000000,0.000000,60800,1448
mvt_i32,polybench_style,RISCV,10,0.016237868,0.010000,0.000000,0.000000,60800,1448
mvt_i32,polybench_style,RISCV,11,0.015097270,0.010000,0.000000,0.010000,61056,1448
mvt_i32,polybench_style,RISCV,12,0.015978251,0.010000,0.000000,0.000000,60800,1448
mvt_i32,polybench_style,RISCV,13,0.015300875,0.010000,0.010000,0.000000,61312,1448
mvt_i32,polybench_style,RISCV,14,0.017204572,0.010000,0.010000,0.000000,60416,1448
mvt_i32,polybench_style,RISCV,15,0.015929963,0.010000,0.010000,0.000000,61312,1448
mvt_i32,polybench_style,RISCV,16,0.016754459,0.010000,0.010000,0.000000,60368,1448
mvt_i32,polybench_style,RISCV,17,0.015438339,0.010000,0.010000,0.000000,61056,1448
mvt_i32,polybench_style,RISCV,18,0.015592539,0.010000,0.000000,0.000000,61312,1448
mvt_i32,polybench_style,RISCV,19,0.016176644,0.010000,0.010000,0.000000,61056,1448
mvt_i32,polybench_style,RISCV,20,0.017661245,0.010000,0.010000,0.000000,60800,1448
mvt_i32,polybench_style,RISCV,21,0.018315768,0.010000,0.010000,0.000000,60544,1448
mvt_i32,polybench_style,RISCV,22,0.016962777,0.010000,0.000000,0.010000,60800,1448
mvt_i32,polybench_style,RISCV,23,0.015469237,0.010000,0.010000,0.000000,60672,1448
mvt_i32,polybench_style,RISCV,24,0.016519243,0.010000,0.000000,0.000000,60672,1448
mvt_i32,polybench_style,RISCV,25,0.017566777,0.010000,0.010000,0.000000,60800,1448
mvt_i32,polybench_style,RISCV,26,0.017544049,0.010000,0.010000,0.000000,61312,1448
mvt_i32,polybench_style,RISCV,27,0.017593977,0.010000,0.010000,0.000000,60544,1448
mvt_i32,polybench_style,RISCV,28,0.020016792,0.010000,0.000000,0.000000,60800,1448
mvt_i32,polybench_style,RISCV,29,0.020949660,0.010000,0.000000,0.000000,61312,1448
trisolv_i32,polybench_style,YSX,0,0.014510006,0.010000,0.000000,0.010000,57452,1496
trisolv_i32,polybench_style,YSX,1,0.013636410,0.010000,0.000000,0.010000,57964,1496
trisolv_i32,polybench_style,YSX,2,0.013664027,0.010000,0.010000,0.000000,57704,1496
trisolv_i32,polybench_style,YSX,3,0.013212355,0.010000,0.010000,0.000000,57844,1496
trisolv_i32,polybench_style,YSX,4,0.014861362,0.010000,0.000000,0.000000,57840,1496
trisolv_i32,polybench_style,YSX,5,0.014663980,0.010000,0.010000,0.000000,57076,1496
trisolv_i32,polybench_style,YSX,6,0.015274940,0.010000,0.000000,0.000000,58216,1496
trisolv_i32,polybench_style,YSX,7,0.014540804,0.010000,0.010000,0.000000,57320,1496
trisolv_i32,polybench_style,YSX,8,0.013311081,0.010000,0.000000,0.000000,57192,1496
trisolv_i32,polybench_style,YSX,9,0.014030954,0.010000,0.010000,0.000000,57456,1496
trisolv_i32,polybench_style,YSX,10,0.014408687,0.010000,0.000000,0.010000,57200,1496
trisolv_i32,polybench_style,YSX,11,0.017015738,0.010000,0.010000,0.000000,57204,1496
trisolv_i32,polybench_style,YSX,12,0.015117413,0.010000,0.000000,0.010000,57452,1496
trisolv_i32,polybench_style,YSX,13,0.014875414,0.010000,0.000000,0.010000,58096,1496
trisolv_i32,polybench_style,YSX,14,0.015210700,0.010000,0.000000,0.000000,58220,1496
trisolv_i32,polybench_style,YSX,15,0.016548795,0.010000,0.010000,0.000000,57200,1496
trisolv_i32,polybench_style,YSX,16,0.014821473,0.010000,0.010000,0.000000,57332,1496
trisolv_i32,polybench_style,YSX,17,0.013871934,0.010000,0.000000,0.010000,57200,1496
trisolv_i32,polybench_style,YSX,18,0.014618731,0.010000,0.010000,0.000000,57200,1496
trisolv_i32,polybench_style,YSX,19,0.013082435,0.010000,0.000000,0.010000,57328,1496
trisolv_i32,polybench_style,YSX,20,0.013871556,0.010000,0.000000,0.000000,57452,1496
trisolv_i32,polybench_style,YSX,21,0.013229550,0.010000,0.010000,0.000000,57324,1496
trisolv_i32,polybench_style,YSX,22,0.013188134,0.010000,0.000000,0.010000,57332,1496
trisolv_i32,polybench_style,YSX,23,0.013189471,0.010000,0.000000,0.010000,57452,1496
trisolv_i32,polybench_style,YSX,24,0.015143802,0.010000,0.010000,0.000000,57076,1496
trisolv_i32,polybench_style,YSX,25,0.016510743,0.010000,0.010000,0.000000,57204,1496
trisolv_i32,polybench_style,YSX,26,0.015244364,0.010000,0.010000,0.000000,57708,1496
trisolv_i32,polybench_style,YSX,27,0.016111346,0.010000,0.000000,0.000000,57716,1496
trisolv_i32,polybench_style,YSX,28,0.015435717,0.010000,0.010000,0.000000,57064,1496
trisolv_i32,polybench_style,YSX,29,0.014737566,0.010000,0.010000,0.000000,57200,1496
trisolv_i32,polybench_style,RISCV,0,0.018485363,0.010000,0.000000,0.000000,60392,1488
trisolv_i32,polybench_style,RISCV,1,0.019372588,0.010000,0.000000,0.000000,61164,1488
trisolv_i32,polybench_style,RISCV,2,0.017642649,0.010000,0.010000,0.000000,60672,1488
trisolv_i32,polybench_style,RISCV,3,0.016955998,0.010000,0.000000,0.000000,61292,1488
trisolv_i32,polybench_style,RISCV,4,0.017691444,0.010000,0.010000,0.000000,61164,1488
trisolv_i32,polybench_style,RISCV,5,0.016554020,0.010000,0.010000,0.000000,60652,1488
trisolv_i32,polybench_style,RISCV,6,0.014709738,0.010000,0.000000,0.010000,61164,1488
trisolv_i32,polybench_style,RISCV,7,0.015614569,0.010000,0.010000,0.000000,60400,1488
trisolv_i32,polybench_style,RISCV,8,0.016004727,0.010000,0.000000,0.000000,60652,1488
trisolv_i32,polybench_style,RISCV,9,0.016025711,0.010000,0.010000,0.000000,60652,1488
trisolv_i32,polybench_style,RISCV,10,0.016919694,0.010000,0.000000,0.010000,60780,1488
trisolv_i32,polybench_style,RISCV,11,0.017247652,0.010000,0.000000,0.000000,60388,1488
trisolv_i32,polybench_style,RISCV,12,0.016279022,0.010000,0.000000,0.010000,60392,1488
trisolv_i32,polybench_style,RISCV,13,0.017336478,0.010000,0.000000,0.000000,61168,1488
trisolv_i32,polybench_style,RISCV,14,0.016732414,0.010000,0.010000,0.000000,60780,1488
trisolv_i32,polybench_style,RISCV,15,0.016288018,0.010000,0.000000,0.000000,61420,1488
trisolv_i32,polybench_style,RISCV,16,0.015706359,0.010000,0.000000,0.000000,60776,1488
trisolv_i32,polybench_style,RISCV,17,0.022455188,0.020000,0.020000,0.000000,60792,1488
trisolv_i32,polybench_style,RISCV,18,0.017129405,0.010000,0.010000,0.000000,60780,1488
trisolv_i32,polybench_style,RISCV,19,0.015618399,0.010000,0.000000,0.000000,61036,1488
trisolv_i32,polybench_style,RISCV,20,0.016823430,0.010000,0.010000,0.000000,60648,1488
trisolv_i32,polybench_style,RISCV,21,0.016354066,0.010000,0.000000,0.010000,61040,1488
trisolv_i32,polybench_style,RISCV,22,0.016501422,0.010000,0.000000,0.010000,61160,1488
trisolv_i32,polybench_style,RISCV,23,0.016106724,0.010000,0.010000,0.000000,60652,1488
trisolv_i32,polybench_style,RISCV,24,0.016456204,0.010000,0.010000,0.000000,61032,1488
trisolv_i32,polybench_style,RISCV,25,0.016877336,0.010000,0.000000,0.010000,61420,1488
trisolv_i32,polybench_style,RISCV,26,0.017942280,0.010000,0.000000,0.010000,60912,1488
trisolv_i32,polybench_style,RISCV,27,0.017504659,0.010000,0.000000,0.000000,60780,1488
trisolv_i32,polybench_style,RISCV,28,0.015101655,0.010000,0.000000,0.000000,61036,1488
trisolv_i32,polybench_style,RISCV,29,0.016054615,0.010000,0.000000,0.010000,60724,1488
